#
# A fatal error has been detected by the Java Runtime Environment:
#
#  SIGSEGV (0xb) at pc=0x00007fff6e81987a, pid=37696, tid=23815
#
# JRE version: OpenJDK Runtime Environment (25.0.2+10) (build 25.0.2+10-69)
# Java VM: OpenJDK 64-Bit Server VM (25.0.2+10-69, mixed mode, sharing, tiered, compressed oops, compressed class ptrs, g1 gc, bsd-amd64)
# Problematic frame:
# C  [libsystem_platform.dylib+0x387a]  _platform_memmove$VARIANT$Nehalem+0x5a
#
# No core dump will be written. Core dumps have been disabled. To enable core dumping, try "ulimit -c unlimited" before starting Java again
#
# If you would like to submit a bug report, please visit:
#   https://bugreport.java.com/bugreport/crash.jsp
# The crash happened outside the Java Virtual Machine in native code.
# See problematic frame for where to report the bug.
#

---------------  S U M M A R Y ------------

Command Line: --enable-native-access=ALL-UNNAMED -javaagent:/Applications/IntelliJ IDEA.app/Contents/lib/idea_rt.jar=58184 -Dfile.encoding=UTF-8 -Dsun.stdout.encoding=UTF-8 -Dsun.stderr.encoding=UTF-8 org.plovdev.audioengine.examples.MicrophoneExample

Host: "MacBookAir5,2" x86_64 2000 MHz, 4 cores, 8G, Darwin 19.6.0, macOS 10.15.8 (19H2036)
Time: Tue Apr 21 15:23:35 2026 MSK elapsed time: 16.869511 seconds (0d 0h 0m 16s)

---------------  T H R E A D  ---------------

Current thread (0x00007ffa47acbe00):  JavaThread "audio-loop" daemon [_thread_in_native, id=23815, stack(0x0000700004e90000,0x0000700004f90000) (1024K)]

Stack: [0x0000700004e90000,0x0000700004f90000],  sp=0x0000700004f8f7a0,  free space=1021k
Native frames: (J=compiled Java code, j=interpreted, Vv=VM code, C=native code)
C  [libsystem_platform.dylib+0x387a]  _platform_memmove$VARIANT$Nehalem+0x5a
C  [audiosnd_13478218120896545312audio-snd.dylib+0x16265]  Java_org_plovdev_audioengine_devices_NativeOutputAudioDevice__1write__JJJJ+0x235
J 1558  org.plovdev.audioengine.devices.NativeOutputAudioDevice._write(JJJJ)I (0 bytes) @ 0x000000011817cb72 [0x000000011817cb00+0x0000000000000072]
J 1564 c1 org.plovdev.audioengine.devices.NativeOutputAudioDevice.write(Ljava/lang/foreign/MemorySegment;JJ)I (60 bytes) @ 0x0000000110868cbc [0x0000000110868a80+0x000000000000023c]
j  org.plovdev.audioengine.api.NativeTrackPlayer.audioLoop()V+128
j  org.plovdev.audioengine.api.NativeTrackPlayer$$Lambda+0x00000001250af6b8.run()V+4
J 1375 c1 java.lang.Thread.runWith(Ljava/lang/Object;Ljava/lang/Runnable;)V java.base@25.0.2 (15 bytes) @ 0x000000011081bfc4 [0x000000011081be80+0x0000000000000144]
j  java.lang.Thread.run()V+19 java.base@25.0.2
v  ~StubRoutines::call_stub 0x0000000117b87fa6
V  [libjvm.dylib+0x5f00fe]  JavaCalls::call_helper(JavaValue*, methodHandle const&, JavaCallArguments*, JavaThread*)+0x2de
V  [libjvm.dylib+0x5ef19e]  JavaCalls::call_virtual(JavaValue*, Klass*, Symbol*, Symbol*, JavaCallArguments*, JavaThread*)+0x14e
V  [libjvm.dylib+0x5ef263]  JavaCalls::call_virtual(JavaValue*, Handle, Klass*, Symbol*, Symbol*, JavaThread*)+0x63
V  [libjvm.dylib+0x6c1365]  thread_entry(JavaThread*, JavaThread*)+0x95
V  [libjvm.dylib+0x602e3e]  JavaThread::thread_main_inner()+0x9e
V  [libjvm.dylib+0xb6bf98]  Thread::call_run()+0xa8
V  [libjvm.dylib+0x9a293f]  thread_native_entry(Thread*)+0x10f
C  [libsystem_pthread.dylib+0x6109]  _pthread_start+0x94
C  [libsystem_pthread.dylib+0x1b8b]  thread_start+0xf
Java frames: (J=compiled Java code, j=interpreted, Vv=VM code)
J 1558  org.plovdev.audioengine.devices.NativeOutputAudioDevice._write(JJJJ)I (0 bytes) @ 0x000000011817cb40 [0x000000011817cb00+0x0000000000000040]
J 1564 c1 org.plovdev.audioengine.devices.NativeOutputAudioDevice.write(Ljava/lang/foreign/MemorySegment;JJ)I (60 bytes) @ 0x0000000110868cbc [0x0000000110868a80+0x000000000000023c]
j  org.plovdev.audioengine.api.NativeTrackPlayer.audioLoop()V+128
j  org.plovdev.audioengine.api.NativeTrackPlayer$$Lambda+0x00000001250af6b8.run()V+4
J 1375 c1 java.lang.Thread.runWith(Ljava/lang/Object;Ljava/lang/Runnable;)V java.base@25.0.2 (15 bytes) @ 0x000000011081bfc4 [0x000000011081be80+0x0000000000000144]
j  java.lang.Thread.run()V+19 java.base@25.0.2
v  ~StubRoutines::call_stub 0x0000000117b87fa6

siginfo: si_signo: 11 (SIGSEGV), si_code: 1 (SEGV_MAPERR), si_addr: 0x00007ffa4a5d1000

Registers:
RAX=0x00007ffa49cc7aa8, RBX=0x00000001655ba030, RCX=0x00007ffa4a5d0f00, RDX=0x0000000000000004
RSP=0x0000700004f8f7a0, RBP=0x0000700004f8f7a0, RSI=0x00007ffa4a5d1000, RDI=0x00007ffa49cc7aaa
R8 =0x0000000000000006, R9 =0xffffffff00000000, R10=0x00007ffa46efb6f8, R11=0xffffffffff6f6aaa
R12=0x0000000000000000, R13=0x0000700004f8f980, R14=0x0000700004f8fa30, R15=0x00007ffa47acbe00
RIP=0x00007fff6e81987a, EFLAGS=0x0000000000010202, ERR=0x0000000000000004
  TRAPNO=0x000000000000000e


Register to memory mapping:

RAX=0x00007ffa49cc7aa8 points into unknown readable memory: 0x0000000000000000 | 00 00 00 00 00 00 00 00
RBX=0x00000001655ba030 is pointing into metadata
RCX=0x00007ffa4a5d0f00 points into unknown readable memory: 0x0000000000000000 | 00 00 00 00 00 00 00 00
RDX=0x0000000000000004 is an unknown value
RSP=0x0000700004f8f7a0 is pointing into the stack for thread: 0x00007ffa47acbe00
RBP=0x0000700004f8f7a0 is pointing into the stack for thread: 0x00007ffa47acbe00
RSI=0x00007ffa4a5d1000 is an unknown value
RDI=0x00007ffa49cc7aaa points into unknown readable memory: 00 00 00 00 00 00
R8 =0x0000000000000006 is an unknown value
R9 =0xffffffff00000000 is an unknown value
R10=0x00007ffa46efb6f8 points into unknown readable memory: 0x000000000020740c | 0c 74 20 00 00 00 00 00
R11=0xffffffffff6f6aaa is an unknown value
R12=0x0 is null
R13=0x0000700004f8f980 is pointing into the stack for thread: 0x00007ffa47acbe00
R14=0x0000700004f8fa30 is pointing into the stack for thread: 0x00007ffa47acbe00
R15=0x00007ffa47acbe00 is a thread

Top of Stack: (sp=0x0000700004f8f7a0)
0x0000700004f8f7a0:   0000700004f8f870 0000000110213265   p....p..e2!.....
0x0000700004f8f7b0:   0000700004f8f9f8 0000700004f8f820   .....p.. ....p..
0x0000700004f8f7c0:   00000007869a4000 000000000005e380   .@..............
0x0000700004f8f7d0:   00000000000012aa 00000000000001d5   ................
0x0000700004f8f7e0:   0000700004f8f9f8 000000011082b4a4   .....p..........
0x0000700004f8f7f0:   00000000000003c0 00000000000003d4   ................
0x0000700004f8f800:   000000000001732c 00007ffa46efb6e0   ,s.........F....
0x0000700004f8f810:   0000000786913a01 0000000000000002   .:..............
0x0000700004f8f820:   00000000000003c0 00007ffa4a5d0500   ..........]J....
0x0000700004f8f830:   00007ffa46efb650 0000000000000001   P..F............
0x0000700004f8f840:   0000000000001680 0000000000235500   .........U#.....
0x0000700004f8f850:   00007ffa4a39b000 0000700004f8f880   ..9J.........p..
0x0000700004f8f860:   00007ffa47acc228 0000000786927fc0   (..G............
0x0000700004f8f870:   0000700004f8f8c0 000000011817cb72   .....p..r.......
0x0000700004f8f880:   0000000786927fc0 0000000786913a88   .........:......
0x0000700004f8f890:   00000007869a4000 0000700004f8fa30   .@......0....p..
0x0000700004f8f8a0:   0000000786913a60 00000007869a3fe8   `:.......?......
0x0000700004f8f8b0:   0000000000235500 0000000000000093   .U#.............
0x0000700004f8f8c0:   0000700004f8f9f8 0000000110868cbc   .....p..........
0x0000700004f8f8d0:   0000000786927fc0 0000000786913b78   ........x;......
0x0000700004f8f8e0:   0000700004f8f918 0000000000000000   .....p..........
0x0000700004f8f8f0:   00000001243837f8 0000000000169680   .78$............
0x0000700004f8f900:   fffffffffffffff4 00000001243837f8   .........78$....
0x0000700004f8f910:   00000000000000e8 0000700004f8f9f8   .............p..
0x0000700004f8f920:   0000000786913a88 00000007869a4000   .:.......@......
0x0000700004f8f930:   0000000786913b78 0000000786927fc0   x;..............
0x0000700004f8f940:   0000000786905480 0000000000235500   .T.......U#.....
0x0000700004f8f950:   0000000000001680 00000001243834f8   .........48$....
0x0000700004f8f960:   0000000786927fc0 000000011081c57c   ........|.......
0x0000700004f8f970:   0000700004f8f9f8 0000000117b8f529   .....p..).......
0x0000700004f8f980:   0000000000001680 0000000000000000   ................
0x0000700004f8f990:   0000000000235500 0000000000000000   .U#.............

Instructions: (pc=0x00007fff6e81987a)
  0x00007fff6e81977a:   f0 48 89 f9 48 29 c1 48 29 ca 48 83 ea 40 76 19
  0x00007fff6e81978a:   0f 29 07 0f 29 47 10 0f 29 47 20 0f 29 47 30 48
  0x00007fff6e81979a:   83 c7 40 48 83 ea 40 77 e7 0f 11 04 17 0f 11 44
  0x00007fff6e8197aa:   17 10 0f 11 44 17 20 0f 11 44 17 30 5d c3 48 89
  0x00007fff6e8197ba:   34 17 48 83 ea 08 73 f6 48 83 c2 08 74 0b 40 88
  0x00007fff6e8197ca:   74 17 ff 48 83 ea 01 75 f5 5d c3 90 90 90 90 90
  0x00007fff6e8197da:   90 90 90 90 90 90 55 48 89 e5 49 89 fb 49 29 f3
  0x00007fff6e8197ea:   48 89 f8 49 39 d3 0f 82 44 00 00 00 48 83 fa 50
  0x00007fff6e8197fa:   0f 82 6e 00 00 00 48 81 fa 00 00 02 00 0f 82 83
  0x00007fff6e81980a:   00 00 00 48 89 d1 fc f3 a4 5d c3 66 2e 0f 1f 84
  0x00007fff6e81981a:   00 00 00 00 00 90 55 48 89 e5 49 89 fb 49 29 f3
  0x00007fff6e81982a:   48 89 f8 49 39 d3 72 08 48 83 fa 50 72 36 eb 56
  0x00007fff6e81983a:   48 39 fe 74 4d 48 01 d6 48 01 d7 48 83 fa 50 0f
  0x00007fff6e81984a:   82 2f 01 00 00 e9 4c 01 00 00 66 2e 0f 1f 84 00
  0x00007fff6e81985a:   00 00 00 00 66 90 48 8b 0e 48 83 c6 08 48 89 0f
  0x00007fff6e81986a:   48 83 c7 08 48 83 ea 08 73 ec 48 83 c2 08 74 12
=>0x00007fff6e81987a:   8a 0e 48 83 c6 01 88 0f 48 83 c7 01 48 83 ea 01
  0x00007fff6e81988a:   75 ee 5d c3 66 90 0f 10 06 48 83 c7 10 48 83 e7
  0x00007fff6e81989a:   f0 48 89 f9 48 29 c1 48 01 ce 48 29 ca 0f 10 0e
  0x00007fff6e8198aa:   0f 11 00 0f 10 56 10 0f 10 5e 20 0f 10 66 30 48
  0x00007fff6e8198ba:   83 c6 40 48 81 ea 80 00 00 00 76 6a 48 f7 c6 0f
  0x00007fff6e8198ca:   00 00 00 74 31 0f 29 0f 0f 29 57 10 0f 29 5f 20
  0x00007fff6e8198da:   0f 29 67 30 48 83 c7 40 0f 10 0e 0f 10 56 10 0f
  0x00007fff6e8198ea:   10 5e 20 0f 10 66 30 48 83 c6 40 48 83 ea 40 77
  0x00007fff6e8198fa:   d4 eb 33 0f 1f 00 0f 29 0f 0f 29 57 10 0f 29 5f
  0x00007fff6e81990a:   20 0f 29 67 30 48 83 c7 40 0f 28 0e 0f 28 56 10
  0x00007fff6e81991a:   0f 28 5e 20 0f 28 66 30 48 83 c6 40 48 83 ea 40
  0x00007fff6e81992a:   77 d4 0f 1f 40 00 0f 10 2c 16 0f 10 74 16 10 0f
  0x00007fff6e81993a:   10 7c 16 20 44 0f 10 44 16 30 0f 29 0f 0f 29 57
  0x00007fff6e81994a:   10 0f 29 5f 20 0f 29 67 30 0f 11 6c 17 40 0f 11
  0x00007fff6e81995a:   74 17 50 0f 11 7c 17 60 44 0f 11 44 17 70 5d c3
  0x00007fff6e81996a:   66 0f 1f 44 00 00 48 83 ee 08 48 8b 0e 48 83 ef


Stack slot to memory mapping:

stack at sp + 0 slots: 0x0000700004f8f870 is pointing into the stack for thread: 0x00007ffa47acbe00
stack at sp + 1 slots: 0x0000000110213265: Java_org_plovdev_audioengine_devices_NativeOutputAudioDevice__1write__JJJJ+0x235 in /private/var/folders/57/xgqcb4yj1_958k83lyr82lrw0000gn/T/audiosnd_13478218120896545312audio-snd.dylib at 0x00000001101fd000
stack at sp + 2 slots: 0x0000700004f8f9f8 is pointing into the stack for thread: 0x00007ffa47acbe00
stack at sp + 3 slots: 0x0000700004f8f820 is pointing into the stack for thread: 0x00007ffa47acbe00
stack at sp + 4 slots: 0x00000007869a4000 is an oop: java.lang.VirtualThread 
{0x00000007869a4000} - klass: 'java/lang/VirtualThread' - flags: 

 - ---- fields (total size 21 words):
 - 'threadLocalRandomProbe' 'I' @12  0 (0x00000000)
 - private volatile 'eetop' 'J' @16  0 (0x0000000000000000)
 - private final 'tid' 'J' @24  1569 (0x0000000000000621)
 - 'threadLocalRandomSeed' 'J' @32  0 (0x0000000000000000)
 - injected 'jvmti_thread_state' 'J' @40  0 (0x0000000000000000)
 - 'threadLocalRandomSecondarySeed' 'I' @48  0 (0x00000000)
 - injected 'jvmti_VTMS_transition_disable_count' 'I' @52  0 (0x00000000)
 - injected 'jfr_epoch' 'S' @56  0 (0x0000)
 - volatile 'interrupted' 'Z' @58  false (0x00)
 - injected 'jvmti_is_in_VTMS_transition' 'Z' @59  false (0x00)
 - private volatile 'name' 'Ljava/lang/String;' @60  ""{0x00000007ffe04460} (0xfffc088c)
 - private volatile 'contextClassLoader' 'Ljava/lang/ClassLoader;' @64  a 'jdk/internal/loader/ClassLoaders$AppClassLoader'{0x0000000787f135f8} (0xf0fe26bf)
 - private final 'holder' 'Ljava/lang/Thread$FieldHolder;' @68  null (0x00000000)
 - private 'threadLocals' 'Ljava/lang/ThreadLocal$ThreadLocalMap;' @72  null (0x00000000)
 - private 'inheritableThreadLocals' 'Ljava/lang/ThreadLocal$ThreadLocalMap;' @76  null (0x00000000)
 - private 'scopedValueBindings' 'Ljava/lang/Object;' @80  a 'java/lang/Class'{0x00000007ffe7ccb8} = 'java/lang/Thread' (0xfffcf997)
 - final 'interruptLock' 'Ljava/lang/Object;' @84  a 'java/lang/Object'{0x00000007869a40a8} (0xf0d34815)
 - private volatile 'parkBlocker' 'Ljava/lang/Object;' @88  null (0x00000000)
 - private 'nioBlocker' 'Lsun/nio/ch/Interruptible;' @92  null (0x00000000)
 - private 'cont' 'Ljdk/internal/vm/Continuation;' @96  null (0x00000000)
 - private volatile 'uncaughtExceptionHandler' 'Ljava/lang/Thread$UncaughtExceptionHandler;' @100  null (0x00000000)
 - private 'container' 'Ljdk/internal/vm/ThreadContainer;' @104  a 'java/util/concurrent/ThreadPerTaskExecutor'{0x0000000786913a88} (0xf0d22751)
 - private volatile 'headStackableScopes' 'Ljdk/internal/vm/StackableScope;' @108  null (0x00000000)
 - private final 'scheduler' 'Ljava/util/concurrent/Executor;' @112  a 'java/util/concurrent/ForkJoinPool'{0x0000000786d09c80} (0xf0da1390)
 - private final 'cont' 'Ljdk/internal/vm/Continuation;' @116  a 'java/lang/VirtualThread$VThreadContinuation'{0x00000007869a40b8} (0xf0d34817)
 - private final 'runContinuation' 'Ljava/lang/Runnable;' @120  a 'java/lang/VirtualThread$$Lambda+0x00000001250d9ea8'{0x00000007869a4100} (0xf0d34820)
 - private volatile 'next' 'Ljava/lang/VirtualThread;' @124  null (0x00000000)
 - private 'timeoutTask' 'Ljava/util/concurrent/Future;' @128  null (0x00000000)
 - private volatile 'carrierThread' 'Ljava/lang/Thread;' @132  null (0x00000000)
 - private volatile 'termination' 'Ljava/util/concurrent/CountDownLatch;' @136  null (0x00000000)
 - private volatile 'state' 'I' @140  99 (0x00000063)
 - private 'timeout' 'J' @144  0 (0x0000000000000000)
 - injected 'objectWaiter' 'J' @152  0 (0x0000000000000000)
 - private volatile 'parkPermit' 'Z' @160  false (0x00)
 - private volatile 'blockPermit' 'Z' @161  false (0x00)
 - private volatile 'onWaitingList' 'Z' @162  false (0x00)
 - private volatile 'notified' 'Z' @163  false (0x00)
 - private 'timedWaitSeqNo' 'B' @164  0 (0x00)
stack at sp + 5 slots: 0x000000000005e380 is an unknown value
stack at sp + 6 slots: 0x00000000000012aa is an unknown value
stack at sp + 7 slots: 0x00000000000001d5 is an unknown value

Lock stack of current Java thread (top to bottom):
LockStack[0]: org.plovdev.audioengine.devices.NativeOutputAudioDevice 
{0x0000000786927fc0} - klass: 'org/plovdev/audioengine/devices/NativeOutputAudioDevice' - flags: 

 - ---- fields (total size 5 words):
 - private final 'info' 'Lorg/plovdev/audioengine/devices/AudioDeviceInfo;' @12  a 'org/plovdev/audioengine/devices/AudioDeviceInfo'{0x0000000786913960} (0xf0d2272c)
 - private 'nativeHandle' 'J' @16  1 (0x0000000000000001)
 - private 'trackFormat' 'Lorg/plovdev/audioengine/format/TrackFormat;' @24  a 'org/plovdev/audioengine/format/TrackFormat'{0x0000000786e64e80} (0xf0dcc9d0)
 - private volatile 'status' 'Lorg/plovdev/audioengine/devices/AudioDeviceStatus;' @28  a 'org/plovdev/audioengine/devices/AudioDeviceStatus'{0x0000000786e82f20} (0xf0dd05e4)
 - private final 'isInited' 'Ljava/util/concurrent/atomic/AtomicBoolean;' @32  a 'java/util/concurrent/atomic/AtomicBoolean'{0x0000000786927fe8} (0xf0d24ffd)
 - private 'onStatusChanged' 'Ljava/lang/Runnable;' @36  a 'org/plovdev/audioengine/devices/NativeOutputAudioDevice$$Lambda+0x00000001250af490'{0x000000078692ef78} (0xf0d25def)


Compiled method (n/a) 16913 1558     n 0       org.plovdev.audioengine.devices.NativeOutputAudioDevice::_write (native)
 total in heap  [0x000000011817ca08,0x000000011817cc60] = 600
 main code      [0x000000011817cb00,0x000000011817cc57] = 343
 stub code      [0x000000011817cc57,0x000000011817cc58] = 1
 oops           [0x000000011817cc58,0x000000011817cc60] = 8
 mutable data [0x00007ffa46fc02f0,0x00007ffa46fc0308] = 24
 relocation     [0x00007ffa46fc02f0,0x00007ffa46fc0308] = 24

[Constant Pool (empty)]

[MachCode]
[Entry Point]
  # {method} {0x00000001655b88a8} '_write' '(JJJJ)I' in 'org/plovdev/audioengine/devices/NativeOutputAudioDevice'
  # this:     rsi:rsi   = 'org/plovdev/audioengine/devices/NativeOutputAudioDevice'
  # parm0:    rdx:rdx   = long
  # parm1:    rcx:rcx   = long
  # parm2:    r8:r8     = long
  # parm3:    r9:r9     = long
  #           [sp+0x50]  (sp of caller)
  0x000000011817cb00: 6690 448b | 5608 443b 

  0x000000011817cb08: ;   {runtime_call Shared Runtime ic_miss_blob}
  0x000000011817cb08: 5008 0f85 | d088 a5ff 
[Verified Entry Point]
  0x000000011817cb10: 8984 2400 | c0fe ff55 | 488b ec48 | 83ec 4090 | 4181 7f20 | 0100 0000 

  0x000000011817cb28: ;   {runtime_call Stub::method_entry_barrier}
  0x000000011817cb28: 7405 e871 | 05a4 ff48 | 8934 2448 | 83fe 0048 | 8d34 2448 | 0f44 3424 

  0x000000011817cb40: ;   {internal_word}
  0x000000011817cb40: c5f8 7749 | ba40 cb17 | 1801 0000 | 004d 8997 | 1004 0000 | 4989 a708 | 0400 0049 | 8dbf 2804 
  0x000000011817cb60: 0000 41c7 | 87b4 0400 | 0004 0000 

  0x000000011817cb6c: ;   {runtime_call Java_org_plovdev_audioengine_devices_NativeOutputAudioDevice__1write__JJJJ}
  0x000000011817cb6c: 00e8 be64 | 09f8 c5f8 | 7741 c787 | b404 0000 | 0500 0000 | f083 4424 | c000 493b | 6f28 0f87 
  0x000000011817cb8c: 0e00 0000 | 4183 bfb0 | 0400 0000 | 0f84 2400 | 0000 c5f8 | 7748 8945 | f849 8bff | 4c8b e448 
  0x000000011817cbac: 83ec 0048 

  0x000000011817cbb0: ;   {runtime_call JavaThread::check_special_condition_for_native_trans(JavaThread*)}
  0x000000011817cbb0: 83e4 f0e8 | 2879 a8ee | 498b e44d | 33e4 488b | 45f8 41c7 | 87b4 0400 | 0008 0000 | 0041 83bf 
  0x000000011817cbd0: 3005 0000 | 020f 8459 | 0000 0049 | c787 0804 | 0000 0000 | 0000 49c7 | 8710 0400 | 0000 0000 
  0x000000011817cbf0: 00c5 f877 | 498b 8f98 | 0400 00c7 | 8100 0100 | 0000 0000 

  0x000000011817cc04: ;   {poll_return}
  0x000000011817cc04: 00c9 41f6 | 4728 0174 

  0x000000011817cc0c: ;   {internal_word}
  0x000000011817cc0c: 1649 ba06 | cc17 1801 | 0000 004d | 8997 c004 

  0x000000011817cc1c: ;   {runtime_call SafepointBlob}
  0x000000011817cc1c: 0000 e93d | aca5 ff49 | 837f 0800 | 0f85 0100 

  0x000000011817cc2c: ;   {runtime_call Stub::forward_exception}
  0x000000011817cc2c: 0000 c3e9 | acb2 a0ff | c5f8 7748 | 8945 f84c | 8be4 4883 | ec00 4883 

  0x000000011817cc44: ;   {runtime_call SharedRuntime::reguard_yellow_pages()}
  0x000000011817cc44: e4f0 e8f5 | 6fed ee49 | 8be4 4d33 | e448 8b45 | f8eb 84f4 
[/MachCode]


Compiled method (c1) 16924 1564  s!   3       org.plovdev.audioengine.devices.NativeOutputAudioDevice::write (60 bytes)
 total in heap  [0x0000000110868988,0x0000000110868fe8] = 1632
 main code      [0x0000000110868a80,0x0000000110868f88] = 1288
 stub code      [0x0000000110868f88,0x0000000110868fe0] = 88
 oops           [0x0000000110868fe0,0x0000000110868fe8] = 8
 mutable data [0x00007ffa46efc8f0,0x00007ffa46efc9a0] = 176
 relocation     [0x00007ffa46efc8f0,0x00007ffa46efc970] = 128
 metadata       [0x00007ffa46efc970,0x00007ffa46efc9a0] = 48
 immutable data [0x00007ffa46efc780,0x00007ffa46efc8f0] = 368
 dependencies   [0x00007ffa46efc780,0x00007ffa46efc790] = 16
 nul chk table  [0x00007ffa46efc790,0x00007ffa46efc7a0] = 16
 handler table  [0x00007ffa46efc7a0,0x00007ffa46efc7e8] = 72
 scopes pcs     [0x00007ffa46efc7e8,0x00007ffa46efc878] = 144
 scopes data    [0x00007ffa46efc878,0x00007ffa46efc8f0] = 120

[Constant Pool (empty)]

[MachCode]
[Instructions begin]
  0x0000000110868a80: 6666 660f | 1f84 0000 | 0000 0066 | 6666 9066 | 6690 448b | 5608 443b 

  0x0000000110868a98: ;   {runtime_call Shared Runtime ic_miss_blob}
  0x0000000110868a98: 5008 0f85 | 40c9 3607 
[Verified Entry Point]
  0x0000000110868aa0: 8984 2400 | c0fe ff55 | 4881 eca0 | 0000 0090 | 4181 7f20 | 0100 0000 

  0x0000000110868ab8: ;   {runtime_call Stub::method_entry_barrier}
  0x0000000110868ab8: 7405 e8e1 | 4535 0748 | 8974 2468 | 488d bc24 | 8800 0000 | 4889 7708 | 488b 0641 | 8b9f 2807 
  0x0000000110868ad8: 0000 81fb | 7807 0000 | 0f8d f402 | 0000 493b | 741f f80f | 8425 0000 | 00a8 020f | 85e1 0200 
  0x0000000110868af8: 0048 8bd8 | 4883 e3fe | 4883 c801 | f048 0fb1 | 1e0f 85cb | 0200 0041 | 8b9f 2807 | 0000 4989 
  0x0000000110868b18: 341f 83c3 | 0841 899f | 2807 0000 

  0x0000000110868b24: ;   {metadata(method data for {method} {0x00000001655b7cf8} 'write' '(Ljava/lang/foreign/MemorySegment;JJ)I' in 'org/plovdev/audioengine/devices/NativeOutputAudioDevice')}
  0x0000000110868b24: 48bf 30a0 | 5b65 0100 | 0000 8b9f | 9000 0000 | 83c3 0289 | 9f90 0000 | 0081 e3fe | 0700 0085 
  0x0000000110868b44: db0f 84a2 | 0200 0048 

  0x0000000110868b4c: ;   {metadata(method data for {method} {0x00000001655b7cf8} 'write' '(Ljava/lang/foreign/MemorySegment;JJ)I' in 'org/plovdev/audioengine/devices/NativeOutputAudioDevice')}
  0x0000000110868b4c: 85d2 48bf | 30a0 5b65 | 0100 0000 | bbd8 0000 | 0075 05bb | e800 0000 | 488b 041f | 488d 4001 
  0x0000000110868b6c: 4889 041f | 4c89 8424 | 8000 0000 | 4889 4c24 | 7848 8954 | 2470 0f85 | 2400 0000 

  0x0000000110868b88: ;   {metadata(method data for {method} {0x00000001655b7cf8} 'write' '(Ljava/lang/foreign/MemorySegment;JJ)I' in 'org/plovdev/audioengine/devices/NativeOutputAudioDevice')}
  0x0000000110868b88: 48bf 30a0 | 5b65 0100 | 0000 4883 | 87f8 0000 | 0001 be02 

  0x0000000110868b9c: ;   {static_call}
  0x0000000110868b9c: 0000 00e8 

  0x0000000110868ba0: ; ImmutableOopMap {[104]=Oop [112]=Oop [144]=Oop }
                      ;*invokestatic $$$reportNull$$$0 {reexecute=0 rethrow=0 return_oop=0}
                      ; - org.plovdev.audioengine.devices.NativeOutputAudioDevice::write@5
  0x0000000110868ba0: 3cd1 3607 

  0x0000000110868ba4: ;   {post_call_nop}
  0x0000000110868ba4: 0f1f 8400 | 1c02 0000 | 488b 7424 

  0x0000000110868bb0: ;   {metadata(method data for {method} {0x00000001655b7cf8} 'write' '(Ljava/lang/foreign/MemorySegment;JJ)I' in 'org/plovdev/audioengine/devices/NativeOutputAudioDevice')}
  0x0000000110868bb0: 6848 bf30 | a05b 6501 | 0000 0048 | 8387 0801 | 0000 0148 | 8b74 2468 | 0f1f 8000 

  0x0000000110868bcc: ;   {optimized virtual_call}
  0x0000000110868bcc: 0000 00e8 

  0x0000000110868bd0: ; ImmutableOopMap {[104]=Oop [112]=Oop [144]=Oop }
                      ;*invokevirtual checkDevice {reexecute=0 rethrow=0 return_oop=0}
                      ; - org.plovdev.audioengine.devices.NativeOutputAudioDevice::write@9 (line 107)
  0x0000000110868bd0: 4c05 0000 

  0x0000000110868bd4: ;   {post_call_nop}
  0x0000000110868bd4: 0f1f 8400 | 4c02 0001 | 4c8b 8424 | 8000 0000 | 488b 4c24 | 7848 8b54 | 2470 488b 

  0x0000000110868bf0: ;   {oop(a 'org/plovdev/audioengine/devices/AudioDeviceStatus'{0x0000000786e82f20})}
  0x0000000110868bf0: 7424 6849 | b920 2fe8 | 8607 0000 | 0041 0fbe | 7f48 85ff | 0f85 0402 | 0000 4d8b | d149 c1ea 
  0x0000000110868c10: 0344 8956 | 1cf0 8344 | 24c0 0048 | 8bfe 4933 | f948 c1ef | 1448 83ff | 000f 85fe | 0100 0048 
  0x0000000110868c30: 85d2 0f84 | 2900 0000 

  0x0000000110868c38: ;   {metadata('jdk/internal/foreign/NativeMemorySegmentImpl')}
  0x0000000110868c38: 48bb c8f2 | 0d25 0100 | 0000 8b42 | 0849 ba00 | 0000 2401 | 0000 0049 | 03c2 483b | 5840 0f85 
  0x0000000110868c58: e901 0000 | e900 0000 | 004c 8bca 

  0x0000000110868c64: ; implicit exception: dispatches to 0x0000000110868e4a
  0x0000000110868c64: 483b 024c 

  0x0000000110868c68: ;   {metadata(method data for {method} {0x00000001655b7cf8} 'write' '(Ljava/lang/foreign/MemorySegment;JJ)I' in 'org/plovdev/audioengine/devices/NativeOutputAudioDevice')}
  0x0000000110868c68: 8bca 48bf | 30a0 5b65 | 0100 0000 

  0x0000000110868c74: ;   {metadata('jdk/internal/foreign/NativeMemorySegmentImpl')}
  0x0000000110868c74: 49ba c8f2 | 0d25 0100 | 0000 4c89 | 9740 0100 | 0048 8387 | 4801 0000 | 014c 8b4a | 2048 8b7e 
  0x0000000110868c94: 1048 8bd6 

  0x0000000110868c98: ;   {metadata(method data for {method} {0x00000001655b7cf8} 'write' '(Ljava/lang/foreign/MemorySegment;JJ)I' in 'org/plovdev/audioengine/devices/NativeOutputAudioDevice')}
  0x0000000110868c98: 48bb 30a0 | 5b65 0100 | 0000 4883 | 8368 0100 | 0001 498b | d14c 8bcf | 488b fe48 

  0x0000000110868cb4: ;   {optimized virtual_call}
  0x0000000110868cb4: 8bf7 90e8 

  0x0000000110868cb8: ; ImmutableOopMap {[104]=Oop [144]=Oop }
                      ;*invokevirtual _write {reexecute=0 rethrow=0 return_oop=0}
                      ; - org.plovdev.audioengine.devices.NativeOutputAudioDevice::write@33 (line 110)
  0x0000000110868cb8: 543e 9107 

  0x0000000110868cbc: ;   {post_call_nop}
  0x0000000110868cbc: 0f1f 8400 | 3403 0002 | 488b f048 | 8b7c 2468 

  0x0000000110868ccc: ;   {oop(a 'org/plovdev/audioengine/devices/AudioDeviceStatus'{0x0000000786e82ed8})}
  0x0000000110868ccc: 48b8 d82e | e886 0700 | 0000 410f | be5f 4885 | db0f 856c | 0100 004c | 8bd0 49c1 | ea03 4489 
  0x0000000110868cec: 571c f083 | 4424 c000 | 488b df48 | 33d8 48c1 | eb14 4883 | fb00 0f85 | 6601 0000 | 488d 8424 
  0x0000000110868d0c: 8800 0000 | 488b 5808 | 418b bf28 | 0700 0049 | 3b5c 3ff8 | 0f85 6001 | 0000 4183 | af28 0700 
  0x0000000110868d2c: 0008 493b | 5c3f f00f | 842a 0000 | 0048 8b03 | a802 0f85 | 1200 0000 | 488b f848 | 83cf 01f0 
  0x0000000110868d4c: 480f b13b | 0f84 0d00 | 0000 4183 | 8728 0700 | 0008 e923 | 0100 0048 | 8bc6 4881 | c4a0 0000 
  0x0000000110868d6c: ;   {poll_return}
  0x0000000110868d6c: 005d 493b | 6728 0f87 | 2401 0000 | c348 8b7c | 2468 498b | 8768 0500 | 004d 33d2 | 4d89 9768 
  0x0000000110868d8c: 0500 004d | 33d2 4d89 | 9770 0500 

  0x0000000110868d98: ;   {oop(a 'org/plovdev/audioengine/devices/AudioDeviceStatus'{0x0000000786e82ed8})}
  0x0000000110868d98: 0048 bed8 | 2ee8 8607 | 0000 0041 | 0fbe 5f48 | 85db 0f85 | 0201 0000 | 4c8b d649 | c1ea 0344 
  0x0000000110868db8: 8957 1cf0 | 8344 24c0 | 0048 8bdf | 4833 de48 | c1eb 1448 | 83fb 000f | 85fc 0000 | 00e9 2c01 
  0x0000000110868dd8: 0000 4889 | 7424 0848 

  0x0000000110868de0: ;   {runtime_call C1 Runtime monitorenter_nofpu_blob}
  0x0000000110868de0: 893c 24e8 

  0x0000000110868de4: ; ImmutableOopMap {rsi=Oop rdx=Oop [104]=Oop [144]=Oop }
                      ;*synchronization entry
                      ; - org.plovdev.audioengine.devices.NativeOutputAudioDevice::write@-1
  0x0000000110868de4: f8e7 4307 | e937 fdff 

  0x0000000110868dec: ;   {metadata({method} {0x00000001655b7cf8} 'write' '(Ljava/lang/foreign/MemorySegment;JJ)I' in 'org/plovdev/audioengine/devices/NativeOutputAudioDevice')}
  0x0000000110868dec: ff49 baf8 | 7c5b 6501 | 0000 004c | 8954 2408 | 48c7 0424 | ffff ffff 

  0x0000000110868e04: ;   {runtime_call C1 Runtime counter_overflow_blob}
  0x0000000110868e04: e8d7 0644 

  0x0000000110868e08: ; ImmutableOopMap {rsi=Oop rdx=Oop [104]=Oop [144]=Oop }
                      ;*synchronization entry
                      ; - org.plovdev.audioengine.devices.NativeOutputAudioDevice::write@-1
  0x0000000110868e08: 07e9 3dfd | ffff 8b7e | 1c48 c1e7 | 0348 83ff | 000f 84eb | fdff ff48 

  0x0000000110868e20: ;   {runtime_call g1_pre_barrier_slow}
  0x0000000110868e20: 893c 24e8 | b80c 4407 | e9dd fdff | ff49 83f9 | 000f 84f8 | fdff ff48 

  0x0000000110868e38: ;   {runtime_call g1_post_barrier_slow}
  0x0000000110868e38: 8934 24e8 | a00f 4407 | e9ea fdff 

  0x0000000110868e44: ;   {runtime_call C1 Runtime throw_incompatible_class_change_error_blob}
  0x0000000110868e44: ffe8 96db 

  0x0000000110868e48: ; ImmutableOopMap {rdx=Oop rsi=Oop [104]=Oop [144]=Oop }
                      ;*invokeinterface address {reexecute=0 rethrow=0 return_oop=0}
                      ; - org.plovdev.audioengine.devices.NativeOutputAudioDevice::write@21 (line 110)
                      ;   {runtime_call C1 Runtime throw_null_pointer_exception_blob}
  0x0000000110868e48: 4307 e891 

  0x0000000110868e4c: ; ImmutableOopMap {rdx=Oop rsi=Oop [104]=Oop [144]=Oop }
                      ;*invokeinterface address {reexecute=0 rethrow=0 return_oop=0}
                      ; - org.plovdev.audioengine.devices.NativeOutputAudioDevice::write@21 (line 110)
  0x0000000110868e4c: c53a 078b | 5f1c 48c1 | e303 4883 | fb00 0f84 | 83fe ffff | 4889 1c24 

  0x0000000110868e64: ;   {runtime_call g1_pre_barrier_slow}
  0x0000000110868e64: e877 0c44 | 07e9 75fe | ffff 4883 | f800 0f84 | 90fe ffff | 4889 3c24 

  0x0000000110868e7c: ;   {runtime_call g1_post_barrier_slow}
  0x0000000110868e7c: e85f 0f44 | 07e9 82fe | ffff 488d | 8424 8800 | 0000 4889 

  0x0000000110868e90: ;   {runtime_call C1 Runtime monitorexit_nofpu_blob}
  0x0000000110868e90: 0424 e849 | ed43 07e9 | c7fe ffff 

  0x0000000110868e9c: ;   {internal_word}
  0x0000000110868e9c: 49ba 6e8d | 8610 0100 | 0000 4d89 | 97c0 0400 

  0x0000000110868eac: ;   {runtime_call SafepointBlob}
  0x0000000110868eac: 00e9 aee9 | 3607 8b5f | 1c48 c1e3 | 0348 83fb | 000f 84ed | feff ff48 

  0x0000000110868ec4: ;   {runtime_call g1_pre_barrier_slow}
  0x0000000110868ec4: 891c 24e8 | 140c 4407 | e9df feff | ff48 83fe | 000f 84fa | feff ff48 

  0x0000000110868edc: ;   {runtime_call g1_post_barrier_slow}
  0x0000000110868edc: 893c 24e8 | fc0e 4407 | e9ec feff | ff49 8b87 | 6805 0000 | 49c7 8768 | 0500 0000 | 0000 0049 
  0x0000000110868efc: c787 7005 | 0000 0000 | 0000 488b | d848 8d84 | 2488 0000 | 0048 8b70 | 0841 8bbf | 2807 0000 
  0x0000000110868f1c: 493b 743f | f80f 854d | 0000 0041 | 83af 2807 | 0000 0849 | 3b74 3ff0 | 0f84 2a00 | 0000 488b 
  0x0000000110868f3c: 06a8 020f | 8512 0000 | 0048 8bf8 | 4883 cf01 | f048 0fb1 | 3e0f 840d | 0000 0041 | 8387 2807 
  0x0000000110868f5c: 0000 08e9 | 1000 0000 | 488b c348 | 81c4 a000 

  0x0000000110868f6c: ;   {runtime_call C1 Runtime unwind_exception_blob}
  0x0000000110868f6c: 0000 5de9 | 6cd3 3a07 | 488d 8424 | 8800 0000 | 4889 0424 

  0x0000000110868f80: ;   {runtime_call C1 Runtime monitorexit_nofpu_blob}
  0x0000000110868f80: e85b ec43 | 07eb ddf4 
[Stub Code]
  0x0000000110868f88: ;   {static_stub}
  0x0000000110868f88: 48bb 0000 | 0000 0000 

  0x0000000110868f90: ;   {runtime_call nmethod}
  0x0000000110868f90: 0000 e9fb 

  0x0000000110868f94: ;   {static_stub}
  0x0000000110868f94: ffff ff48 | bb00 0000 | 0000 0000 

  0x0000000110868fa0: ;   {runtime_call nmethod}
  0x0000000110868fa0: 00e9 fbff 

  0x0000000110868fa4: ;   {static_stub}
  0x0000000110868fa4: ffff 48bb | 0000 0000 | 0000 0000 

  0x0000000110868fb0: ;   {runtime_call nmethod}
  0x0000000110868fb0: e9fb ffff 

  0x0000000110868fb4: ;   {runtime_call C1 Runtime handle_exception_from_callee_blob}
  0x0000000110868fb4: ffe8 26e2 

  0x0000000110868fb8: ;   {external_word}
  0x0000000110868fb8: 3a07 48bf | fd31 2b07 | 0100 0000 | 4883 e4f0 

  0x0000000110868fc8: ;   {runtime_call MacroAssembler::debug64(char*, long long, long long*)}
  0x0000000110868fc8: e853 0564 

  0x0000000110868fcc: ;   {section_word}
  0x0000000110868fcc: f6f4 49ba | ce8f 8610 | 0100 0000 

  0x0000000110868fd8: ;   {runtime_call DeoptimizationBlob}
  0x0000000110868fd8: 4152 e981 | eb36 07f4 
[/MachCode]


Compiled method (c1) 16951 1375       3       java.lang.Thread::runWith (15 bytes)
 total in heap  [0x000000011081bd88,0x000000011081c0e8] = 864
 main code      [0x000000011081be80,0x000000011081c098] = 536
 stub code      [0x000000011081c098,0x000000011081c0e8] = 80
 mutable data [0x00007ffa46faf0e0,0x00007ffa46faf148] = 104
 relocation     [0x00007ffa46faf0e0,0x00007ffa46faf138] = 88
 metadata       [0x00007ffa46faf138,0x00007ffa46faf148] = 16
 immutable data [0x00007ffa46faf010,0x00007ffa46faf0e0] = 208
 dependencies   [0x00007ffa46faf010,0x00007ffa46faf018] = 8
 nul chk table  [0x00007ffa46faf018,0x00007ffa46faf028] = 16
 scopes pcs     [0x00007ffa46faf028,0x00007ffa46faf098] = 112
 scopes data    [0x00007ffa46faf098,0x00007ffa46faf0e0] = 72

[Constant Pool (empty)]

[MachCode]
[Instructions begin]
  0x000000011081be80: 6666 660f | 1f84 0000 | 0000 0066 | 6666 9066 | 6690 448b | 5608 443b 

  0x000000011081be98: ;   {runtime_call Shared Runtime ic_miss_blob}
  0x000000011081be98: 5008 0f85 | 4095 3b07 
[Verified Entry Point]
  0x000000011081bea0: 8984 2400 | c0fe ff55 | 4883 ec30 | 4181 7f20 | 0100 0000 

  0x000000011081beb4: ;   {runtime_call Stub::method_entry_barrier}
  0x000000011081beb4: 7405 e8e5 

  0x000000011081beb8: ;   {metadata(method data for {method} {0x0000000124490908} 'runWith' '(Ljava/lang/Object;Ljava/lang/Runnable;)V' in 'java/lang/Thread')}
  0x000000011081beb8: 113a 0748 | bf60 9f39 | 6501 0000 | 008b 9f90 | 0000 0083 | c302 899f | 9000 0000 | 81e3 fe07 
  0x000000011081bed8: 0000 85db | 0f84 3301 | 0000 4889 

  0x000000011081bee4: ;   {metadata(method data for {method} {0x0000000124490908} 'runWith' '(Ljava/lang/Object;Ljava/lang/Runnable;)V' in 'java/lang/Thread')}
  0x000000011081bee4: 4c24 1848 | be60 9f39 | 6501 0000 | 0048 8386 | d800 0000 | 0148 8bf2 | 4889 5424 | 2066 0f1f 
  0x000000011081bf04: ;   {static_call}
  0x000000011081bf04: 4400 00e8 

  0x000000011081bf08: ; ImmutableOopMap {[24]=Oop [32]=Oop }
                      ;*invokestatic ensureMaterializedForStackWalk {reexecute=0 rethrow=0 return_oop=0}
                      ; - java.lang.Thread::runWith@1 (line 1486)
  0x000000011081bf08: 044b 9507 

  0x000000011081bf0c: ;   {post_call_nop}
  0x000000011081bf0c: 0f1f 8400 | 8401 0000 | 488b 4c24 | 1848 3b01 

  0x000000011081bf1c: ;   {metadata(method data for {method} {0x0000000124490908} 'runWith' '(Ljava/lang/Object;Ljava/lang/Runnable;)V' in 'java/lang/Thread')}
  0x000000011081bf1c: 488b f148 | bf60 9f39 | 6501 0000 | 008b 7608 | 49ba 0000 | 0024 0100 | 0000 4903 | f248 3bb7 
  0x000000011081bf3c: f000 0000 | 750d 4883 | 87f8 0000 | 0001 e960 | 0000 0048 | 3bb7 0001 | 0000 750d | 4883 8708 
  0x000000011081bf5c: 0100 0001 | e94a 0000 | 0048 83bf | f000 0000 | 0075 1748 | 89b7 f000 | 0000 48c7 | 87f8 0000 
  0x000000011081bf7c: 0001 0000 | 00e9 2900 | 0000 4883 | bf00 0100 | 0000 7517 | 4889 b700 | 0100 0048 | c787 0801 
  0x000000011081bf9c: 0000 0100 | 0000 e908 | 0000 0048 | 8387 e800 | 0000 0148 | 8bf1 6666 | 9048 b8f0 | f1fa 46fa 
  0x000000011081bfbc: ;   {virtual_call}
  0x000000011081bfbc: 7f00 00e8 

  0x000000011081bfc0: ; ImmutableOopMap {[32]=Oop }
                      ;*invokeinterface run {reexecute=0 rethrow=0 return_oop=0}
                      ; - java.lang.Thread::runWith@5 (line 1487)
  0x000000011081bfc0: ac60 4907 

  0x000000011081bfc4: ;   {post_call_nop}
  0x000000011081bfc4: 0f1f 8400 | 3c02 0001 

  0x000000011081bfcc: ;   {metadata(method data for {method} {0x0000000124490908} 'runWith' '(Ljava/lang/Object;Ljava/lang/Runnable;)V' in 'java/lang/Thread')}
  0x000000011081bfcc: 48be 609f | 3965 0100 | 0000 4883 | 8618 0100 

  0x000000011081bfdc: ;   {metadata(method data for {method} {0x00000001241a8f08} 'reachabilityFence' '(Ljava/lang/Object;)V' in 'java/lang/ref/Reference')}
  0x000000011081bfdc: 0001 48be | 002d 0c65 | 0100 0000 | 8bbe 9000 | 0000 83c7 | 0289 be90 | 0000 0081 | e7fe ff1f 
  0x000000011081bffc: 0085 ff0f | 8436 0000 | 0048 83c4 

  0x000000011081c008: ;   {poll_return}
  0x000000011081c008: 305d 493b | 6728 0f87 | 4500 0000 

  0x000000011081c014: ;   {metadata({method} {0x0000000124490908} 'runWith' '(Ljava/lang/Object;Ljava/lang/Runnable;)V' in 'java/lang/Thread')}
  0x000000011081c014: c349 ba08 | 0949 2401 | 0000 004c | 8954 2408 | 48c7 0424 | ffff ffff 

  0x000000011081c02c: ;   {runtime_call C1 Runtime counter_overflow_blob}
  0x000000011081c02c: e8af d448 

  0x000000011081c030: ; ImmutableOopMap {rsi=Oop rdx=Oop rcx=Oop }
                      ;*synchronization entry
                      ; - java.lang.Thread::runWith@-1 (line 1486)
  0x000000011081c030: 07e9 acfe 

  0x000000011081c034: ;   {runtime_call C1 Runtime throw_null_pointer_exception_blob}
  0x000000011081c034: ffff e8a5 

  0x000000011081c038: ; ImmutableOopMap {rcx=Oop [32]=Oop }
                      ;*invokeinterface run {reexecute=0 rethrow=0 return_oop=0}
                      ; - java.lang.Thread::runWith@5 (line 1487)
                      ;   {metadata({method} {0x00000001241a8f08} 'reachabilityFence' '(Ljava/lang/Object;)V' in 'java/lang/ref/Reference')}
  0x000000011081c038: 933f 0749 | ba08 8f1a | 2401 0000 | 004c 8954 | 2408 48c7 | 0424 ffff 

  0x000000011081c050: ;   {runtime_call C1 Runtime counter_overflow_blob}
  0x000000011081c050: ffff e889 

  0x000000011081c054: ; ImmutableOopMap {}
                      ;*synchronization entry
                      ; - java.lang.ref.Reference::reachabilityFence@-1 (line 669)
                      ; - java.lang.Thread::runWith@11 (line 1488)
  0x000000011081c054: d448 07eb 

  0x000000011081c058: ;   {internal_word}
  0x000000011081c058: ac49 ba0a | c081 1001 | 0000 004d | 8997 c004 

  0x000000011081c068: ;   {runtime_call SafepointBlob}
  0x000000011081c068: 0000 e9f1 | b73b 0749 | 8b87 6805 | 0000 49c7 | 8768 0500 | 0000 0000 | 0049 c787 | 7005 0000 
  0x000000011081c088: 0000 0000 | 4883 c430 

  0x000000011081c090: ;   {runtime_call C1 Runtime unwind_exception_blob}
  0x000000011081c090: 5de9 4aa2 | 3f07 f4f4 
[Stub Code]
  0x000000011081c098: ;   {other}
  0x000000011081c098: 0f1f 4400 

  0x000000011081c09c: ;   {static_stub}
  0x000000011081c09c: 0048 bb00 | 0000 0000 

  0x000000011081c0a4: ;   {runtime_call nmethod}
  0x000000011081c0a4: 0000 00e9 | fbff ffff 

  0x000000011081c0ac: ;   {static_stub}
  0x000000011081c0ac: 48bb 0000 | 0000 0000 

  0x000000011081c0b4: ;   {runtime_call nmethod}
  0x000000011081c0b4: 0000 e9fb 

  0x000000011081c0b8: ;   {runtime_call C1 Runtime handle_exception_from_callee_blob}
  0x000000011081c0b8: ffff ffe8 | 20b1 3f07 

  0x000000011081c0c0: ;   {external_word}
  0x000000011081c0c0: 48bf fd31 | 2b07 0100 | 0000 4883 

  0x000000011081c0cc: ;   {runtime_call MacroAssembler::debug64(char*, long long, long long*)}
  0x000000011081c0cc: e4f0 e84d | d468 f6f4 
[Deopt Handler Code]
  0x000000011081c0d4: ;   {section_word}
  0x000000011081c0d4: 49ba d4c0 | 8110 0100 | 0000 4152 

  0x000000011081c0e0: ;   {runtime_call DeoptimizationBlob}
  0x000000011081c0e0: e97b ba3b | 07f4 f4f4 
[/MachCode]


---------------  P R O C E S S  ---------------

Threads class SMR info:
_java_thread_list=0x00007ffa46fbf9b0, length=18, elements={
0x00007ffa4780f600, 0x00007ffa4784a000, 0x00007ffa4784ca00, 0x00007ffa4784d200,
0x00007ffa4784da00, 0x00007ffa4784e200, 0x00007ffa4784ea00, 0x00007ffa48884200,
0x00007ffa4800f200, 0x00007ffa48884c00, 0x00007ffa4792b800, 0x00007ffa47a11a00,
0x00007ffa48133000, 0x00007ffa48131800, 0x00007ffa48adf400, 0x00007ffa48137a00,
0x00007ffa4729b000, 0x00007ffa47acbe00
}

Java Threads: ( => current thread )
  0x00007ffa4780f600 JavaThread "main"                              [_thread_blocked, id=6147, stack(0x000070000363f000,0x000070000373f000) (1024K)]
  0x00007ffa4784a000 JavaThread "Reference Handler"          daemon [_thread_blocked, id=24579, stack(0x0000700003f5d000,0x000070000405d000) (1024K)]
  0x00007ffa4784ca00 JavaThread "Finalizer"                  daemon [_thread_blocked, id=40451, stack(0x0000700004060000,0x0000700004160000) (1024K)]
  0x00007ffa4784d200 JavaThread "Signal Dispatcher"          daemon [_thread_blocked, id=39939, stack(0x0000700004163000,0x0000700004263000) (1024K)]
  0x00007ffa4784da00 JavaThread "Service Thread"             daemon [_thread_blocked, id=25091, stack(0x0000700004266000,0x0000700004366000) (1024K)]
  0x00007ffa4784e200 JavaThread "Monitor Deflation Thread"   daemon [_thread_blocked, id=25347, stack(0x0000700004369000,0x0000700004469000) (1024K)]
  0x00007ffa4784ea00 JavaThread "C2 CompilerThread0"         daemon [_thread_blocked, id=39171, stack(0x000070000446c000,0x000070000456c000) (1024K)]
  0x00007ffa48884200 JavaThread "C1 CompilerThread0"         daemon [_thread_blocked, id=25603, stack(0x000070000456f000,0x000070000466f000) (1024K)]
  0x00007ffa4800f200 JavaThread "Common-Cleaner"             daemon [_thread_blocked, id=38659, stack(0x0000700004672000,0x0000700004772000) (1024K)]
  0x00007ffa48884c00 JavaThread "Monitor Ctrl-Break"         daemon [_thread_in_native, id=26115, stack(0x0000700004775000,0x0000700004875000) (1024K)]
  0x00007ffa4792b800 JavaThread "Notification Thread"        daemon [_thread_blocked, id=37891, stack(0x0000700004878000,0x0000700004978000) (1024K)]
  0x00007ffa47a11a00 JavaThread "Timer-0"                    daemon [_thread_blocked, id=26627, stack(0x000070000497b000,0x0000700004a7b000) (1024K)]
  0x00007ffa48133000 JavaThread "VirtualThread-unblocker"    daemon [_thread_blocked, id=84999, stack(0x0000700004c8a000,0x0000700004d8a000) (1024K)]
  0x00007ffa48131800 JavaThread "ForkJoinPool-1-worker-1"    daemon [_thread_blocked, id=45059, stack(0x0000700004d8d000,0x0000700004e8d000) (1024K)]
  0x00007ffa48adf400 JavaThread "ForkJoinPool-1-worker-2"    daemon [_thread_blocked, id=83459, stack(0x0000700004f93000,0x0000700005093000) (1024K)]
  0x00007ffa48137a00 JavaThread "ForkJoinPool-1-worker-3"    daemon [_thread_blocked, id=82947, stack(0x0000700005096000,0x0000700005196000) (1024K)]
  0x00007ffa4729b000 JavaThread "ForkJoinPool-1-worker-4"    daemon [_thread_blocked, id=82435, stack(0x0000700005199000,0x0000700005299000) (1024K)]
=>0x00007ffa47acbe00 JavaThread "audio-loop"                 daemon [_thread_in_native, id=23815, stack(0x0000700004e90000,0x0000700004f90000) (1024K)]
Total: 18

Other Threads:
  0x00007ffa48828c00 VMThread "VM Thread"                           [id=18435, stack(0x0000700003d54000,0x0000700003e54000) (1024K)]
  0x00007ffa46c11c90 WatcherThread "VM Periodic Task Thread"        [id=15623, stack(0x0000700003c51000,0x0000700003d51000) (1024K)]
  0x00007ffa47830600 WorkerThread "GC Thread#0"                     [id=12803, stack(0x0000700003742000,0x0000700003842000) (1024K)]
  0x00007ffa47849400 ConcurrentGCThread "G1 Main Marker"            [id=13315, stack(0x0000700003845000,0x0000700003945000) (1024K)]
  0x00007ffa48809000 WorkerThread "G1 Conc#0"                       [id=14083, stack(0x0000700003948000,0x0000700003a48000) (1024K)]
  0x00007ffa48809600 ConcurrentGCThread "G1 Refine#0"               [id=14339, stack(0x0000700003a4b000,0x0000700003b4b000) (1024K)]
  0x00007ffa48809c00 ConcurrentGCThread "G1 Service"                [id=14595, stack(0x0000700003b4e000,0x0000700003c4e000) (1024K)]
Total: 7

Threads with active compile tasks:
Total: 0

VM state: not at safepoint (normal execution)

VM Mutex/Monitor currently owned by a thread: None

Heap address: 0x0000000780000000, size: 2048 MB, Compressed Oops mode: Zero based, Oop shift amount: 3

CDS archive(s) mapped at: [0x0000000124000000-0x0000000124d94000-0x0000000124d94000), size 14237696, SharedBaseAddress: 0x0000000124000000, ArchiveRelocationMode: 1.
Compressed class space mapped at: 0x0000000125000000-0x0000000165000000, reserved size: 1073741824
UseCompressedClassPointers 1, UseCompactObjectHeaders 0
Narrow klass pointer bits 32, Max shift 3
Narrow klass base: 0x0000000124000000, Narrow klass shift: 0
Encoding Range: [0x0000000124000000 - 0x0000000224000000), (4294967296 bytes)
Klass Range:    [0x0000000124004000 - 0x0000000165000000), (1090502656 bytes)
Klass ID Range:  [16384 - 1090519033) (1090502649)
Protection zone: [0x0000000124000000 - 0x0000000124004000), (16384 bytes)

GC Precious Log:
 CardTable entry size: 512
 Card Set container configuration: InlinePtr #cards 5 size 8 Array Of Cards #cards 10 size 36 Howl #buckets 4 coarsen threshold 1843 Howl Bitmap #cards 512 size 80 coarsen threshold 460 Card regions per heap region 1 cards per card region 2048
 CPUs: 4 total, 4 available
 Memory: 8192M
 Large Page Support: Disabled
 NUMA Support: Disabled
 Compressed Oops: Enabled (Zero based)
 Heap Region Size: 1M
 Heap Min Capacity: 8M
 Heap Initial Capacity: 128M
 Heap Max Capacity: 2G
 Pre-touch: Disabled
 Parallel Workers: 4
 Concurrent Workers: 1
 Concurrent Refinement Workers: 4
 Periodic GC: Disabled

Heap:
 garbage-first heap   total reserved 2097152K, committed 133120K, used 23678K [0x0000000780000000, 0x0000000800000000)
  region size 1024K, 23 young (23552K), 0 survivors (0K)

Heap Regions: E=young(eden), S=young(survivor), O=old, HS=humongous(starts), HC=humongous(continues), CS=collection set, F=free, TAMS=top-at-mark-start, PB=parsable bottom
|   0|0x0000000780000000, 0x0000000780000000, 0x0000000780100000|  0%| F|  |TAMS 0x0000000780000000| PB 0x0000000780000000| Untracked |  0
|   1|0x0000000780100000, 0x0000000780100000, 0x0000000780200000|  0%| F|  |TAMS 0x0000000780100000| PB 0x0000000780100000| Untracked |  0
|   2|0x0000000780200000, 0x0000000780200000, 0x0000000780300000|  0%| F|  |TAMS 0x0000000780200000| PB 0x0000000780200000| Untracked |  0
|   3|0x0000000780300000, 0x0000000780300000, 0x0000000780400000|  0%| F|  |TAMS 0x0000000780300000| PB 0x0000000780300000| Untracked |  0
|   4|0x0000000780400000, 0x0000000780400000, 0x0000000780500000|  0%| F|  |TAMS 0x0000000780400000| PB 0x0000000780400000| Untracked |  0
|   5|0x0000000780500000, 0x0000000780500000, 0x0000000780600000|  0%| F|  |TAMS 0x0000000780500000| PB 0x0000000780500000| Untracked |  0
|   6|0x0000000780600000, 0x0000000780600000, 0x0000000780700000|  0%| F|  |TAMS 0x0000000780600000| PB 0x0000000780600000| Untracked |  0
|   7|0x0000000780700000, 0x0000000780700000, 0x0000000780800000|  0%| F|  |TAMS 0x0000000780700000| PB 0x0000000780700000| Untracked |  0
|   8|0x0000000780800000, 0x0000000780800000, 0x0000000780900000|  0%| F|  |TAMS 0x0000000780800000| PB 0x0000000780800000| Untracked |  0
|   9|0x0000000780900000, 0x0000000780900000, 0x0000000780a00000|  0%| F|  |TAMS 0x0000000780900000| PB 0x0000000780900000| Untracked |  0
|  10|0x0000000780a00000, 0x0000000780a00000, 0x0000000780b00000|  0%| F|  |TAMS 0x0000000780a00000| PB 0x0000000780a00000| Untracked |  0
|  11|0x0000000780b00000, 0x0000000780b00000, 0x0000000780c00000|  0%| F|  |TAMS 0x0000000780b00000| PB 0x0000000780b00000| Untracked |  0
|  12|0x0000000780c00000, 0x0000000780c00000, 0x0000000780d00000|  0%| F|  |TAMS 0x0000000780c00000| PB 0x0000000780c00000| Untracked |  0
|  13|0x0000000780d00000, 0x0000000780d00000, 0x0000000780e00000|  0%| F|  |TAMS 0x0000000780d00000| PB 0x0000000780d00000| Untracked |  0
|  14|0x0000000780e00000, 0x0000000780e00000, 0x0000000780f00000|  0%| F|  |TAMS 0x0000000780e00000| PB 0x0000000780e00000| Untracked |  0
|  15|0x0000000780f00000, 0x0000000780f00000, 0x0000000781000000|  0%| F|  |TAMS 0x0000000780f00000| PB 0x0000000780f00000| Untracked |  0
|  16|0x0000000781000000, 0x0000000781000000, 0x0000000781100000|  0%| F|  |TAMS 0x0000000781000000| PB 0x0000000781000000| Untracked |  0
|  17|0x0000000781100000, 0x0000000781100000, 0x0000000781200000|  0%| F|  |TAMS 0x0000000781100000| PB 0x0000000781100000| Untracked |  0
|  18|0x0000000781200000, 0x0000000781200000, 0x0000000781300000|  0%| F|  |TAMS 0x0000000781200000| PB 0x0000000781200000| Untracked |  0
|  19|0x0000000781300000, 0x0000000781300000, 0x0000000781400000|  0%| F|  |TAMS 0x0000000781300000| PB 0x0000000781300000| Untracked |  0
|  20|0x0000000781400000, 0x0000000781400000, 0x0000000781500000|  0%| F|  |TAMS 0x0000000781400000| PB 0x0000000781400000| Untracked |  0
|  21|0x0000000781500000, 0x0000000781500000, 0x0000000781600000|  0%| F|  |TAMS 0x0000000781500000| PB 0x0000000781500000| Untracked |  0
|  22|0x0000000781600000, 0x0000000781600000, 0x0000000781700000|  0%| F|  |TAMS 0x0000000781600000| PB 0x0000000781600000| Untracked |  0
|  23|0x0000000781700000, 0x0000000781700000, 0x0000000781800000|  0%| F|  |TAMS 0x0000000781700000| PB 0x0000000781700000| Untracked |  0
|  24|0x0000000781800000, 0x0000000781800000, 0x0000000781900000|  0%| F|  |TAMS 0x0000000781800000| PB 0x0000000781800000| Untracked |  0
|  25|0x0000000781900000, 0x0000000781900000, 0x0000000781a00000|  0%| F|  |TAMS 0x0000000781900000| PB 0x0000000781900000| Untracked |  0
|  26|0x0000000781a00000, 0x0000000781a00000, 0x0000000781b00000|  0%| F|  |TAMS 0x0000000781a00000| PB 0x0000000781a00000| Untracked |  0
|  27|0x0000000781b00000, 0x0000000781b00000, 0x0000000781c00000|  0%| F|  |TAMS 0x0000000781b00000| PB 0x0000000781b00000| Untracked |  0
|  28|0x0000000781c00000, 0x0000000781c00000, 0x0000000781d00000|  0%| F|  |TAMS 0x0000000781c00000| PB 0x0000000781c00000| Untracked |  0
|  29|0x0000000781d00000, 0x0000000781d00000, 0x0000000781e00000|  0%| F|  |TAMS 0x0000000781d00000| PB 0x0000000781d00000| Untracked |  0
|  30|0x0000000781e00000, 0x0000000781e00000, 0x0000000781f00000|  0%| F|  |TAMS 0x0000000781e00000| PB 0x0000000781e00000| Untracked |  0
|  31|0x0000000781f00000, 0x0000000781f00000, 0x0000000782000000|  0%| F|  |TAMS 0x0000000781f00000| PB 0x0000000781f00000| Untracked |  0
|  32|0x0000000782000000, 0x0000000782000000, 0x0000000782100000|  0%| F|  |TAMS 0x0000000782000000| PB 0x0000000782000000| Untracked |  0
|  33|0x0000000782100000, 0x0000000782100000, 0x0000000782200000|  0%| F|  |TAMS 0x0000000782100000| PB 0x0000000782100000| Untracked |  0
|  34|0x0000000782200000, 0x0000000782200000, 0x0000000782300000|  0%| F|  |TAMS 0x0000000782200000| PB 0x0000000782200000| Untracked |  0
|  35|0x0000000782300000, 0x0000000782300000, 0x0000000782400000|  0%| F|  |TAMS 0x0000000782300000| PB 0x0000000782300000| Untracked |  0
|  36|0x0000000782400000, 0x0000000782400000, 0x0000000782500000|  0%| F|  |TAMS 0x0000000782400000| PB 0x0000000782400000| Untracked |  0
|  37|0x0000000782500000, 0x0000000782500000, 0x0000000782600000|  0%| F|  |TAMS 0x0000000782500000| PB 0x0000000782500000| Untracked |  0
|  38|0x0000000782600000, 0x0000000782600000, 0x0000000782700000|  0%| F|  |TAMS 0x0000000782600000| PB 0x0000000782600000| Untracked |  0
|  39|0x0000000782700000, 0x0000000782700000, 0x0000000782800000|  0%| F|  |TAMS 0x0000000782700000| PB 0x0000000782700000| Untracked |  0
|  40|0x0000000782800000, 0x0000000782800000, 0x0000000782900000|  0%| F|  |TAMS 0x0000000782800000| PB 0x0000000782800000| Untracked |  0
|  41|0x0000000782900000, 0x0000000782900000, 0x0000000782a00000|  0%| F|  |TAMS 0x0000000782900000| PB 0x0000000782900000| Untracked |  0
|  42|0x0000000782a00000, 0x0000000782a00000, 0x0000000782b00000|  0%| F|  |TAMS 0x0000000782a00000| PB 0x0000000782a00000| Untracked |  0
|  43|0x0000000782b00000, 0x0000000782b00000, 0x0000000782c00000|  0%| F|  |TAMS 0x0000000782b00000| PB 0x0000000782b00000| Untracked |  0
|  44|0x0000000782c00000, 0x0000000782c00000, 0x0000000782d00000|  0%| F|  |TAMS 0x0000000782c00000| PB 0x0000000782c00000| Untracked |  0
|  45|0x0000000782d00000, 0x0000000782d00000, 0x0000000782e00000|  0%| F|  |TAMS 0x0000000782d00000| PB 0x0000000782d00000| Untracked |  0
|  46|0x0000000782e00000, 0x0000000782e00000, 0x0000000782f00000|  0%| F|  |TAMS 0x0000000782e00000| PB 0x0000000782e00000| Untracked |  0
|  47|0x0000000782f00000, 0x0000000782f00000, 0x0000000783000000|  0%| F|  |TAMS 0x0000000782f00000| PB 0x0000000782f00000| Untracked |  0
|  48|0x0000000783000000, 0x0000000783000000, 0x0000000783100000|  0%| F|  |TAMS 0x0000000783000000| PB 0x0000000783000000| Untracked |  0
|  49|0x0000000783100000, 0x0000000783100000, 0x0000000783200000|  0%| F|  |TAMS 0x0000000783100000| PB 0x0000000783100000| Untracked |  0
|  50|0x0000000783200000, 0x0000000783200000, 0x0000000783300000|  0%| F|  |TAMS 0x0000000783200000| PB 0x0000000783200000| Untracked |  0
|  51|0x0000000783300000, 0x0000000783300000, 0x0000000783400000|  0%| F|  |TAMS 0x0000000783300000| PB 0x0000000783300000| Untracked |  0
|  52|0x0000000783400000, 0x0000000783400000, 0x0000000783500000|  0%| F|  |TAMS 0x0000000783400000| PB 0x0000000783400000| Untracked |  0
|  53|0x0000000783500000, 0x0000000783500000, 0x0000000783600000|  0%| F|  |TAMS 0x0000000783500000| PB 0x0000000783500000| Untracked |  0
|  54|0x0000000783600000, 0x0000000783600000, 0x0000000783700000|  0%| F|  |TAMS 0x0000000783600000| PB 0x0000000783600000| Untracked |  0
|  55|0x0000000783700000, 0x0000000783700000, 0x0000000783800000|  0%| F|  |TAMS 0x0000000783700000| PB 0x0000000783700000| Untracked |  0
|  56|0x0000000783800000, 0x0000000783800000, 0x0000000783900000|  0%| F|  |TAMS 0x0000000783800000| PB 0x0000000783800000| Untracked |  0
|  57|0x0000000783900000, 0x0000000783900000, 0x0000000783a00000|  0%| F|  |TAMS 0x0000000783900000| PB 0x0000000783900000| Untracked |  0
|  58|0x0000000783a00000, 0x0000000783a00000, 0x0000000783b00000|  0%| F|  |TAMS 0x0000000783a00000| PB 0x0000000783a00000| Untracked |  0
|  59|0x0000000783b00000, 0x0000000783b00000, 0x0000000783c00000|  0%| F|  |TAMS 0x0000000783b00000| PB 0x0000000783b00000| Untracked |  0
|  60|0x0000000783c00000, 0x0000000783c00000, 0x0000000783d00000|  0%| F|  |TAMS 0x0000000783c00000| PB 0x0000000783c00000| Untracked |  0
|  61|0x0000000783d00000, 0x0000000783d00000, 0x0000000783e00000|  0%| F|  |TAMS 0x0000000783d00000| PB 0x0000000783d00000| Untracked |  0
|  62|0x0000000783e00000, 0x0000000783e00000, 0x0000000783f00000|  0%| F|  |TAMS 0x0000000783e00000| PB 0x0000000783e00000| Untracked |  0
|  63|0x0000000783f00000, 0x0000000783f00000, 0x0000000784000000|  0%| F|  |TAMS 0x0000000783f00000| PB 0x0000000783f00000| Untracked |  0
|  64|0x0000000784000000, 0x0000000784000000, 0x0000000784100000|  0%| F|  |TAMS 0x0000000784000000| PB 0x0000000784000000| Untracked |  0
|  65|0x0000000784100000, 0x0000000784100000, 0x0000000784200000|  0%| F|  |TAMS 0x0000000784100000| PB 0x0000000784100000| Untracked |  0
|  66|0x0000000784200000, 0x0000000784200000, 0x0000000784300000|  0%| F|  |TAMS 0x0000000784200000| PB 0x0000000784200000| Untracked |  0
|  67|0x0000000784300000, 0x0000000784300000, 0x0000000784400000|  0%| F|  |TAMS 0x0000000784300000| PB 0x0000000784300000| Untracked |  0
|  68|0x0000000784400000, 0x0000000784400000, 0x0000000784500000|  0%| F|  |TAMS 0x0000000784400000| PB 0x0000000784400000| Untracked |  0
|  69|0x0000000784500000, 0x0000000784500000, 0x0000000784600000|  0%| F|  |TAMS 0x0000000784500000| PB 0x0000000784500000| Untracked |  0
|  70|0x0000000784600000, 0x0000000784600000, 0x0000000784700000|  0%| F|  |TAMS 0x0000000784600000| PB 0x0000000784600000| Untracked |  0
|  71|0x0000000784700000, 0x0000000784700000, 0x0000000784800000|  0%| F|  |TAMS 0x0000000784700000| PB 0x0000000784700000| Untracked |  0
|  72|0x0000000784800000, 0x0000000784800000, 0x0000000784900000|  0%| F|  |TAMS 0x0000000784800000| PB 0x0000000784800000| Untracked |  0
|  73|0x0000000784900000, 0x0000000784900000, 0x0000000784a00000|  0%| F|  |TAMS 0x0000000784900000| PB 0x0000000784900000| Untracked |  0
|  74|0x0000000784a00000, 0x0000000784a00000, 0x0000000784b00000|  0%| F|  |TAMS 0x0000000784a00000| PB 0x0000000784a00000| Untracked |  0
|  75|0x0000000784b00000, 0x0000000784b00000, 0x0000000784c00000|  0%| F|  |TAMS 0x0000000784b00000| PB 0x0000000784b00000| Untracked |  0
|  76|0x0000000784c00000, 0x0000000784c00000, 0x0000000784d00000|  0%| F|  |TAMS 0x0000000784c00000| PB 0x0000000784c00000| Untracked |  0
|  77|0x0000000784d00000, 0x0000000784d00000, 0x0000000784e00000|  0%| F|  |TAMS 0x0000000784d00000| PB 0x0000000784d00000| Untracked |  0
|  78|0x0000000784e00000, 0x0000000784e00000, 0x0000000784f00000|  0%| F|  |TAMS 0x0000000784e00000| PB 0x0000000784e00000| Untracked |  0
|  79|0x0000000784f00000, 0x0000000784f00000, 0x0000000785000000|  0%| F|  |TAMS 0x0000000784f00000| PB 0x0000000784f00000| Untracked |  0
|  80|0x0000000785000000, 0x0000000785000000, 0x0000000785100000|  0%| F|  |TAMS 0x0000000785000000| PB 0x0000000785000000| Untracked |  0
|  81|0x0000000785100000, 0x0000000785100000, 0x0000000785200000|  0%| F|  |TAMS 0x0000000785100000| PB 0x0000000785100000| Untracked |  0
|  82|0x0000000785200000, 0x0000000785200000, 0x0000000785300000|  0%| F|  |TAMS 0x0000000785200000| PB 0x0000000785200000| Untracked |  0
|  83|0x0000000785300000, 0x0000000785300000, 0x0000000785400000|  0%| F|  |TAMS 0x0000000785300000| PB 0x0000000785300000| Untracked |  0
|  84|0x0000000785400000, 0x0000000785400000, 0x0000000785500000|  0%| F|  |TAMS 0x0000000785400000| PB 0x0000000785400000| Untracked |  0
|  85|0x0000000785500000, 0x0000000785500000, 0x0000000785600000|  0%| F|  |TAMS 0x0000000785500000| PB 0x0000000785500000| Untracked |  0
|  86|0x0000000785600000, 0x0000000785600000, 0x0000000785700000|  0%| F|  |TAMS 0x0000000785600000| PB 0x0000000785600000| Untracked |  0
|  87|0x0000000785700000, 0x0000000785700000, 0x0000000785800000|  0%| F|  |TAMS 0x0000000785700000| PB 0x0000000785700000| Untracked |  0
|  88|0x0000000785800000, 0x0000000785800000, 0x0000000785900000|  0%| F|  |TAMS 0x0000000785800000| PB 0x0000000785800000| Untracked |  0
|  89|0x0000000785900000, 0x0000000785900000, 0x0000000785a00000|  0%| F|  |TAMS 0x0000000785900000| PB 0x0000000785900000| Untracked |  0
|  90|0x0000000785a00000, 0x0000000785a00000, 0x0000000785b00000|  0%| F|  |TAMS 0x0000000785a00000| PB 0x0000000785a00000| Untracked |  0
|  91|0x0000000785b00000, 0x0000000785b00000, 0x0000000785c00000|  0%| F|  |TAMS 0x0000000785b00000| PB 0x0000000785b00000| Untracked |  0
|  92|0x0000000785c00000, 0x0000000785c00000, 0x0000000785d00000|  0%| F|  |TAMS 0x0000000785c00000| PB 0x0000000785c00000| Untracked |  0
|  93|0x0000000785d00000, 0x0000000785d00000, 0x0000000785e00000|  0%| F|  |TAMS 0x0000000785d00000| PB 0x0000000785d00000| Untracked |  0
|  94|0x0000000785e00000, 0x0000000785e00000, 0x0000000785f00000|  0%| F|  |TAMS 0x0000000785e00000| PB 0x0000000785e00000| Untracked |  0
|  95|0x0000000785f00000, 0x0000000785f00000, 0x0000000786000000|  0%| F|  |TAMS 0x0000000785f00000| PB 0x0000000785f00000| Untracked |  0
|  96|0x0000000786000000, 0x0000000786000000, 0x0000000786100000|  0%| F|  |TAMS 0x0000000786000000| PB 0x0000000786000000| Untracked |  0
|  97|0x0000000786100000, 0x0000000786100000, 0x0000000786200000|  0%| F|  |TAMS 0x0000000786100000| PB 0x0000000786100000| Untracked |  0
|  98|0x0000000786200000, 0x0000000786200000, 0x0000000786300000|  0%| F|  |TAMS 0x0000000786200000| PB 0x0000000786200000| Untracked |  0
|  99|0x0000000786300000, 0x0000000786300000, 0x0000000786400000|  0%| F|  |TAMS 0x0000000786300000| PB 0x0000000786300000| Untracked |  0
| 100|0x0000000786400000, 0x0000000786400000, 0x0000000786500000|  0%| F|  |TAMS 0x0000000786400000| PB 0x0000000786400000| Untracked |  0
| 101|0x0000000786500000, 0x0000000786500000, 0x0000000786600000|  0%| F|  |TAMS 0x0000000786500000| PB 0x0000000786500000| Untracked |  0
| 102|0x0000000786600000, 0x0000000786600000, 0x0000000786700000|  0%| F|  |TAMS 0x0000000786600000| PB 0x0000000786600000| Untracked |  0
| 103|0x0000000786700000, 0x0000000786700000, 0x0000000786800000|  0%| F|  |TAMS 0x0000000786700000| PB 0x0000000786700000| Untracked |  0
| 104|0x0000000786800000, 0x0000000786800000, 0x0000000786900000|  0%| F|  |TAMS 0x0000000786800000| PB 0x0000000786800000| Untracked |  0
| 105|0x0000000786900000, 0x0000000786a00000, 0x0000000786a00000|100%| E|  |TAMS 0x0000000786900000| PB 0x0000000786900000| Complete |  0
| 106|0x0000000786a00000, 0x0000000786b00000, 0x0000000786b00000|100%| E|CS|TAMS 0x0000000786a00000| PB 0x0000000786a00000| Complete |  0
| 107|0x0000000786b00000, 0x0000000786c00000, 0x0000000786c00000|100%| E|CS|TAMS 0x0000000786b00000| PB 0x0000000786b00000| Complete |  0
| 108|0x0000000786c00000, 0x0000000786d00000, 0x0000000786d00000|100%| E|CS|TAMS 0x0000000786c00000| PB 0x0000000786c00000| Complete |  0
| 109|0x0000000786d00000, 0x0000000786e00000, 0x0000000786e00000|100%| E|CS|TAMS 0x0000000786d00000| PB 0x0000000786d00000| Complete |  0
| 110|0x0000000786e00000, 0x0000000786f00000, 0x0000000786f00000|100%| E|CS|TAMS 0x0000000786e00000| PB 0x0000000786e00000| Complete |  0
| 111|0x0000000786f00000, 0x0000000787000000, 0x0000000787000000|100%| E|CS|TAMS 0x0000000786f00000| PB 0x0000000786f00000| Complete |  0
| 112|0x0000000787000000, 0x0000000787100000, 0x0000000787100000|100%| E|CS|TAMS 0x0000000787000000| PB 0x0000000787000000| Complete |  0
| 113|0x0000000787100000, 0x0000000787200000, 0x0000000787200000|100%| E|CS|TAMS 0x0000000787100000| PB 0x0000000787100000| Complete |  0
| 114|0x0000000787200000, 0x0000000787300000, 0x0000000787300000|100%| E|CS|TAMS 0x0000000787200000| PB 0x0000000787200000| Complete |  0
| 115|0x0000000787300000, 0x0000000787400000, 0x0000000787400000|100%| E|CS|TAMS 0x0000000787300000| PB 0x0000000787300000| Complete |  0
| 116|0x0000000787400000, 0x0000000787500000, 0x0000000787500000|100%| E|CS|TAMS 0x0000000787400000| PB 0x0000000787400000| Complete |  0
| 117|0x0000000787500000, 0x0000000787600000, 0x0000000787600000|100%| E|CS|TAMS 0x0000000787500000| PB 0x0000000787500000| Complete |  0
| 118|0x0000000787600000, 0x0000000787700000, 0x0000000787700000|100%| E|CS|TAMS 0x0000000787600000| PB 0x0000000787600000| Complete |  0
| 119|0x0000000787700000, 0x0000000787800000, 0x0000000787800000|100%| E|CS|TAMS 0x0000000787700000| PB 0x0000000787700000| Complete |  0
| 120|0x0000000787800000, 0x0000000787900000, 0x0000000787900000|100%| E|CS|TAMS 0x0000000787800000| PB 0x0000000787800000| Complete |  0
| 121|0x0000000787900000, 0x0000000787a00000, 0x0000000787a00000|100%| E|CS|TAMS 0x0000000787900000| PB 0x0000000787900000| Complete |  0
| 122|0x0000000787a00000, 0x0000000787b00000, 0x0000000787b00000|100%| E|CS|TAMS 0x0000000787a00000| PB 0x0000000787a00000| Complete |  0
| 123|0x0000000787b00000, 0x0000000787c00000, 0x0000000787c00000|100%| E|CS|TAMS 0x0000000787b00000| PB 0x0000000787b00000| Complete |  0
| 124|0x0000000787c00000, 0x0000000787d00000, 0x0000000787d00000|100%| E|CS|TAMS 0x0000000787c00000| PB 0x0000000787c00000| Complete |  0
| 125|0x0000000787d00000, 0x0000000787e00000, 0x0000000787e00000|100%| E|CS|TAMS 0x0000000787d00000| PB 0x0000000787d00000| Complete |  0
| 126|0x0000000787e00000, 0x0000000787f00000, 0x0000000787f00000|100%| E|CS|TAMS 0x0000000787e00000| PB 0x0000000787e00000| Complete |  0
| 127|0x0000000787f00000, 0x0000000788000000, 0x0000000788000000|100%| E|CS|TAMS 0x0000000787f00000| PB 0x0000000787f00000| Complete |  0
|2046|0x00000007ffe00000, 0x00000007fff00000, 0x00000007fff00000|100%| O|  |TAMS 0x00000007ffe00000| PB 0x00000007ffe00000| Untracked |  0
|2047|0x00000007fff00000, 0x00000007fff1f8b0, 0x0000000800000000| 12%| O|  |TAMS 0x00000007fff00000| PB 0x00000007fff00000| Untracked |  0

Card table byte_map: [0x000000011fa50000,0x000000011fe50000] _byte_map_base: 0x000000011be50000

Marking Bits: (CMBitMap*) 0x00007ffa47830c10
 Bits: [0x000000011fe50000, 0x0000000121e50000)

Polling page: 0x0000000105c31000

Metaspace:
Metaspace        used 6576K, committed 6784K, reserved 1114112K
 class space     used 826K, committed 960K, reserved 1048576K

Usage:
  Non-class:      5.61 MB used.
      Class:    826.54 KB used.
       Both:      6.42 MB used.

Virtual space:
  Non-class space:       64.00 MB reserved,       5.69 MB (  9%) committed,  1 nodes.
      Class space:        1.00 GB reserved,     960.00 KB ( <1%) committed,  1 nodes.
             Both:        1.06 GB reserved,       6.62 MB ( <1%) committed. 

Chunk freelists:
   Non-Class:  10.27 MB
       Class:  15.05 MB
        Both:  25.31 MB

MaxMetaspaceSize: unlimited
CompressedClassSpaceSize: 1.00 GB
Initial GC threshold: 21.00 MB
Current GC threshold: 21.00 MB
CDS: on
 - commit_granule_bytes: 65536.
 - commit_granule_words: 8192.
 - virtual_space_node_default_size: 8388608.
 - enlarge_chunks_in_place: 1.
UseCompressedClassPointers 1, UseCompactObjectHeaders 0
Narrow klass pointer bits 32, Max shift 3
Narrow klass base: 0x0000000124000000, Narrow klass shift: 0
Encoding Range: [0x0000000124000000 - 0x0000000224000000), (4294967296 bytes)
Klass Range:    [0x0000000124004000 - 0x0000000165000000), (1090502656 bytes)
Klass ID Range:  [16384 - 1090519033) (1090502649)
Protection zone: [0x0000000124000000 - 0x0000000124004000), (16384 bytes)


Internal statistics:

num_allocs_failed_limit: 0.
num_arena_births: 98.
num_arena_deaths: 0.
num_vsnodes_births: 2.
num_vsnodes_deaths: 0.
num_space_committed: 106.
num_space_uncommitted: 0.
num_chunks_returned_to_freelist: 0.
num_chunks_taken_from_freelist: 229.
num_chunk_merges: 0.
num_chunk_splits: 138.
num_chunks_enlarged: 90.
num_inconsistent_stats: 0.

CodeHeap 'non-profiled nmethods': size=120036Kb used=411Kb max_used=411Kb free=119625Kb
 bounds [0x0000000118117000, 0x0000000118387000, 0x000000011f650000]
CodeHeap 'profiled nmethods': size=120028Kb used=2165Kb max_used=2165Kb free=117862Kb
 bounds [0x0000000110650000, 0x00000001108c0000, 0x0000000117b87000]
CodeHeap 'non-nmethods': size=5696Kb used=1435Kb max_used=1450Kb free=4261Kb
 bounds [0x0000000117b87000, 0x0000000117df7000, 0x0000000118117000]
CodeCache: size=245760Kb, used=4011Kb, max_used=4026Kb, free=241748Kb
 total_blobs=2078, nmethods=1572, adapters=411, full_count=0
Compilation: enabled, stopped_count=0, restarted_count=0

Compilation events (20 events):
Event: 14.963 Thread 0x00007ffa48884200 1563       3       java.util.concurrent.ForkJoinPool::runWorker (433 bytes)
Event: 14.966 Thread 0x00007ffa48884200 nmethod 1563 0x0000000110867608 code [0x0000000110867700, 0x0000000110868938]
Event: 15.393 Thread 0x00007ffa48884200 1564  s!   3       org.plovdev.audioengine.devices.NativeOutputAudioDevice::write (60 bytes)
Event: 15.394 Thread 0x00007ffa48884200 nmethod 1564 0x0000000110868988 code [0x0000000110868a80, 0x0000000110868fe0]
Event: 15.394 Thread 0x00007ffa48884200 1565       3       org.plovdev.audioengine.devices.NativeOutputAudioDevice::checkDevice (69 bytes)
Event: 15.395 Thread 0x00007ffa48884200 nmethod 1565 0x0000000110869008 code [0x0000000110869100, 0x000000011086a160]
Event: 15.404 Thread 0x00007ffa48884200 1566       3       java.util.concurrent.atomic.AtomicLong::set (12 bytes)
Event: 15.405 Thread 0x00007ffa48884200 nmethod 1566 0x000000011086a188 code [0x000000011086a280, 0x000000011086a398]
Event: 15.405 Thread 0x00007ffa48884200 1567       3       org.plovdev.audioengine.api.NativeTrackPlayer$$Lambda/0x00000001250aed98::run (4 bytes)
Event: 15.405 Thread 0x00007ffa48884200 nmethod 1567 0x000000011086a488 code [0x000000011086a580, 0x000000011086a6d8]
Event: 15.405 Thread 0x00007ffa48884200 1568       3       org.plovdev.audioengine.api.NativeTrackPlayer::lambda$new$1 (1 bytes)
Event: 15.405 Thread 0x00007ffa48884200 nmethod 1568 0x000000011086a788 code [0x000000011086a880, 0x000000011086a960]
Event: 16.461 Thread 0x00007ffa48884200 1569 %     3       java.util.concurrent.ForkJoinPool::runWorker @ 155 (433 bytes)
Event: 16.462 Thread 0x00007ffa48884200 nmethod 1569% 0x000000011086aa88 code [0x000000011086ab80, 0x000000011086c3e0]
Event: 16.670 Thread 0x00007ffa48884200 1570       3       org.plovdev.audioengine.devices.NativeOutputAudioDevice::checkForInited (38 bytes)
Event: 16.675 Thread 0x00007ffa48884200 nmethod 1570 0x000000011086c408 code [0x000000011086c500, 0x000000011086d440]
Event: 16.855 Thread 0x00007ffa4784ea00 1571       4       jdk.internal.vm.ThreadContainer::onStart (1 bytes)
Event: 16.856 Thread 0x00007ffa4784ea00 nmethod 1571 0x000000011817d608 code [0x000000011817d700, 0x000000011817d778]
Event: 16.856 Thread 0x00007ffa4784ea00 1572       4       jdk.internal.vm.ThreadContainer::onExit (1 bytes)
Event: 16.856 Thread 0x00007ffa4784ea00 nmethod 1572 0x000000011817d908 code [0x000000011817da00, 0x000000011817da78]

GC Heap Usage History (0 events):
No events

Metaspace Usage History (0 events):
No events

Dll operation events (10 events):
Event: 0.016 Loaded shared library /Users/mac/Library/Java/JavaVirtualMachines/openjdk-25-patched/Contents/Home/lib/libjava.dylib
Event: 0.244 Loaded shared library /Users/mac/Library/Java/JavaVirtualMachines/openjdk-25-patched/Contents/Home/lib/libzip.dylib
Event: 0.257 Loaded shared library /Users/mac/Library/Java/JavaVirtualMachines/openjdk-25-patched/Contents/Home/lib/libinstrument.dylib
Event: 0.267 Loaded shared library /Users/mac/Library/Java/JavaVirtualMachines/openjdk-25-patched/Contents/Home/lib/libnio.dylib
Event: 0.281 Loaded shared library /Users/mac/Library/Java/JavaVirtualMachines/openjdk-25-patched/Contents/Home/lib/libzip.dylib
Event: 0.367 Loaded shared library /Users/mac/Library/Java/JavaVirtualMachines/openjdk-25-patched/Contents/Home/lib/libnet.dylib
Event: 0.406 Loaded shared library /Users/mac/Library/Java/JavaVirtualMachines/openjdk-25-patched/Contents/Home/lib/libextnet.dylib
Event: 0.428 Loaded shared library /Users/mac/Library/Java/JavaVirtualMachines/openjdk-25-patched/Contents/Home/lib/libjimage.dylib
Event: 1.921 Loaded shared library /Users/mac/Library/Java/JavaVirtualMachines/openjdk-25-patched/Contents/Home/lib/libprefs.dylib
Event: 3.321 Loaded shared library /private/var/folders/57/xgqcb4yj1_958k83lyr82lrw0000gn/T/audiosnd_13478218120896545312audio-snd.dylib

Deoptimization events (20 events):
Event: 7.044 Thread 0x00007ffa48adf400 DEOPT PACKING pc=0x0000000110813add sp=0x00007000050928c0
Event: 7.044 Thread 0x00007ffa48adf400 DEOPT UNPACKING pc=0x0000000117bd7fef sp=0x0000700005091d70 mode 0
Event: 7.159 Thread 0x00007ffa48131800 DEOPT PACKING pc=0x0000000110813add sp=0x0000700004e8c8c0
Event: 7.159 Thread 0x00007ffa48131800 DEOPT UNPACKING pc=0x0000000117bd7fef sp=0x0000700004e8bd70 mode 0
Event: 12.293 Thread 0x00007ffa48131800 DEOPT PACKING pc=0x0000000110833c14 sp=0x0000700004e8c7a0
Event: 12.293 Thread 0x00007ffa48131800 DEOPT UNPACKING pc=0x0000000117bd7fef sp=0x0000700004e8bc80 mode 0
Event: 12.293 Thread 0x00007ffa48131800 DEOPT PACKING pc=0x00000001108159ac sp=0x0000700004e8c900
Event: 12.293 Thread 0x00007ffa48131800 DEOPT UNPACKING pc=0x0000000117bd7fef sp=0x0000700004e8bd98 mode 0
Event: 12.293 Thread 0x00007ffa4729b000 DEOPT PACKING pc=0x0000000118175fdc sp=0x0000700005298930
Event: 12.293 Thread 0x00007ffa4729b000 DEOPT UNPACKING pc=0x0000000117bd7fef sp=0x0000700005297cd0 mode 0
Event: 12.313 Thread 0x00007ffa48137a00 DEOPT PACKING pc=0x0000000118175fdc sp=0x0000700005195930
Event: 12.313 Thread 0x00007ffa48137a00 DEOPT UNPACKING pc=0x0000000117bd7fef sp=0x0000700005194cd0 mode 0
Event: 12.313 Thread 0x00007ffa48adf400 DEOPT PACKING pc=0x0000000118175fdc sp=0x0000700005092930
Event: 12.313 Thread 0x00007ffa48adf400 DEOPT UNPACKING pc=0x0000000117bd7fef sp=0x0000700005091cd0 mode 0
Event: 13.603 Thread 0x00007ffa4780f600 DEOPT PACKING pc=0x0000000110860028 sp=0x000070000373e590
Event: 13.603 Thread 0x00007ffa4780f600 DEOPT UNPACKING pc=0x0000000117bd7fef sp=0x000070000373da78 mode 0
Event: 13.603 Thread 0x00007ffa4780f600 Uncommon trap: trap_request=0xffffff45 fr.pc=0x000000011817b284 relative=0x0000000000000084
Event: 13.603 Thread 0x00007ffa4780f600 Uncommon trap: reason=unstable_if action=reinterpret pc=0x000000011817b284 method=jdk.internal.foreign.SegmentFactories.initNativeMemory(JJ)V @ 7 c2
Event: 13.603 Thread 0x00007ffa4780f600 DEOPT PACKING pc=0x000000011817b284 sp=0x000070000373e5e0
Event: 13.603 Thread 0x00007ffa4780f600 DEOPT UNPACKING pc=0x0000000117c12df9 sp=0x000070000373e580 mode 2

Classes loaded (20 events):
Event: 13.590 Loading class java/lang/foreign/MemorySegment
Event: 13.590 Loading class java/lang/foreign/MemorySegment done
Event: 13.590 Loading class jdk/internal/foreign/NativeMemorySegmentImpl
Event: 13.591 Loading class jdk/internal/foreign/AbstractMemorySegmentImpl
Event: 13.591 Loading class jdk/internal/foreign/AbstractMemorySegmentImpl done
Event: 13.592 Loading class jdk/internal/foreign/NativeMemorySegmentImpl done
Event: 13.592 Loading class jdk/internal/foreign/Utils
Event: 13.592 Loading class jdk/internal/foreign/Utils done
Event: 13.592 Loading class jdk/internal/foreign/abi/SharedUtils
Event: 13.593 Loading class jdk/internal/foreign/abi/SharedUtils done
Event: 13.594 Loading class java/lang/foreign/AddressLayout
Event: 13.594 Loading class java/lang/foreign/ValueLayout
Event: 13.595 Loading class java/lang/foreign/MemoryLayout
Event: 13.595 Loading class java/lang/foreign/MemoryLayout done
Event: 13.595 Loading class java/lang/foreign/ValueLayout done
Event: 13.595 Loading class java/lang/foreign/AddressLayout done
Event: 13.603 Loading class jdk/internal/foreign/SegmentFactories$1
Event: 13.603 Loading class jdk/internal/foreign/SegmentFactories$1 done
Event: 13.604 Loading class jdk/internal/foreign/MemorySessionImpl$ResourceList$ResourceCleanup$1
Event: 13.604 Loading class jdk/internal/foreign/MemorySessionImpl$ResourceList$ResourceCleanup$1 done

Classes unloaded (0 events):
No events

Classes redefined (0 events):
No events

Internal exceptions (20 events):
Event: 0.330 Thread 0x00007ffa4780f600 Exception <a 'java/lang/NoSuchMethodError'{0x0000000787ee9140}: 'void java.lang.invoke.DirectMethodHandle$Holder.invokeStatic(java.lang.Object, java.lang.Object, java.lang.Object)'> (0x0000000787ee9140) 
thrown [open/src/hotspot/share/interpreter/linkResolver.cpp, line 804]
Event: 0.354 Thread 0x00007ffa4780f600 Exception <a 'java/lang/NoSuchMethodError'{0x0000000787d9e870}: 'java.lang.Object java.lang.invoke.Invokers$Holder.invokeExact_MT(java.lang.Object, java.lang.Object, java.lang.Object, java.lang.Object, java.lang.Object)'> (0x0000000787d9e870) 
thrown [open/src/hotspot/share/interpreter/linkResolver.cpp, line 804]
Event: 0.403 Thread 0x00007ffa48884c00 Exception <a 'java/lang/NoSuchMethodError'{0x0000000787c0d648}: 'java.lang.Object java.lang.invoke.DirectMethodHandle$Holder.invokeStaticInit(java.lang.Object)'> (0x0000000787c0d648) 
thrown [open/src/hotspot/share/interpreter/linkResolver.cpp, line 804]
Event: 0.425 Thread 0x00007ffa48884c00 Exception <a 'java/lang/NoSuchMethodError'{0x0000000787c18450}: 'void java.lang.invoke.DirectMethodHandle$Holder.invokeStatic(java.lang.Object, java.lang.Object)'> (0x0000000787c18450) 
thrown [open/src/hotspot/share/interpreter/linkResolver.cpp, line 804]
Event: 0.739 Thread 0x00007ffa4780f600 Exception <a 'java/lang/NoSuchMethodError'{0x0000000787a207c8}: 'java.lang.Object java.lang.invoke.DirectMethodHandle$Holder.invokeInterface(java.lang.Object, java.lang.Object)'> (0x0000000787a207c8) 
thrown [open/src/hotspot/share/interpreter/linkResolver.cpp, line 804]
Event: 1.015 Thread 0x00007ffa4780f600 Exception <a 'java/lang/NoSuchMethodError'{0x00000007878944f8}: 'void java.lang.invoke.DirectMethodHandle$Holder.invokeSpecialIFC(java.lang.Object, java.lang.Object, java.lang.Object, java.lang.Object, java.lang.Object)'> (0x00000007878944f8) 
thrown [open/src/hotspot/share/interpreter/linkResolver.cpp, line 804]
Event: 1.027 Thread 0x00007ffa4780f600 Exception <a 'java/lang/NoSuchMethodError'{0x00000007878a5540}: 'void java.lang.invoke.DirectMethodHandle$Holder.invokeStatic(java.lang.Object, java.lang.Object, java.lang.Object, java.lang.Object)'> (0x00000007878a5540) 
thrown [open/src/hotspot/share/interpreter/linkResolver.cpp, line 804]
Event: 1.120 Thread 0x00007ffa4780f600 Exception <a 'java/lang/NoSuchMethodError'{0x00000007877af468}: 'java.lang.Object java.lang.invoke.DirectMethodHandle$Holder.invokeStaticInit(java.lang.Object, java.lang.Object, java.lang.Object)'> (0x00000007877af468) 
thrown [open/src/hotspot/share/interpreter/linkResolver.cpp, line 804]
Event: 1.235 Thread 0x00007ffa4780f600 Exception <a 'java/lang/NoSuchMethodError'{0x000000078754e4e0}: 'void java.lang.invoke.DirectMethodHandle$Holder.invokeSpecial(java.lang.Object, java.lang.Object, java.lang.Object)'> (0x000000078754e4e0) 
thrown [open/src/hotspot/share/interpreter/linkResolver.cpp, line 804]
Event: 1.421 Thread 0x00007ffa4780f600 Exception <a 'java/lang/NoSuchMethodError'{0x00000007874bce68}: 'int java.lang.invoke.DirectMethodHandle$Holder.invokeVirtual(java.lang.Object, java.lang.Object, java.lang.Object, java.lang.Object)'> (0x00000007874bce68) 
thrown [open/src/hotspot/share/interpreter/linkResolver.cpp, line 804]
Event: 1.878 Thread 0x00007ffa4780f600 Exception <a 'java/lang/NoSuchMethodError'{0x0000000786f43240}: 'java.lang.Object java.lang.invoke.DelegatingMethodHandle$Holder.reinvoke_L(java.lang.Object, java.lang.Object, java.lang.Object, long, java.lang.Object)'> (0x0000000786f43240) 
thrown [open/src/hotspot/share/interpreter/linkResolver.cpp, line 804]
Event: 1.879 Thread 0x00007ffa4780f600 Exception <a 'java/lang/NoSuchMethodError'{0x0000000786f53898}: 'java.lang.Object java.lang.invoke.Invokers$Holder.linkToTargetMethod(java.lang.Object, long, java.lang.Object, java.lang.Object)'> (0x0000000786f53898) 
thrown [open/src/hotspot/share/interpreter/linkResolver.cpp, line 804]
Event: 3.548 Thread 0x00007ffa4780f600 Exception <a 'java/lang/NoSuchMethodError'{0x0000000786ef7648}: 'void java.lang.invoke.DirectMethodHandle$Holder.invokeStaticInit(java.lang.Object, java.lang.Object, java.lang.Object)'> (0x0000000786ef7648) 
thrown [open/src/hotspot/share/interpreter/linkResolver.cpp, line 804]
Event: 3.551 Thread 0x00007ffa4780f600 Exception <a 'java/lang/NoSuchMethodError'{0x0000000786d0a4f8}: 'int java.lang.invoke.DirectMethodHandle$Holder.invokeStaticInit(java.lang.Object, java.lang.Object)'> (0x0000000786d0a4f8) 
thrown [open/src/hotspot/share/interpreter/linkResolver.cpp, line 804]
Event: 3.554 Thread 0x00007ffa4780f600 Exception <a 'java/lang/NoSuchMethodError'{0x0000000786d19748}: 'void java.lang.invoke.DirectMethodHandle$Holder.invokeStaticInit(java.lang.Object)'> (0x0000000786d19748) 
thrown [open/src/hotspot/share/interpreter/linkResolver.cpp, line 804]
Event: 13.593 Thread 0x00007ffa4780f600 Exception <a 'java/lang/NoSuchMethodError'{0x0000000786d54890}: 'long java.lang.invoke.DirectMethodHandle$Holder.invokeStatic(java.lang.Object, java.lang.Object)'> (0x0000000786d54890) 
thrown [open/src/hotspot/share/interpreter/linkResolver.cpp, line 804]
Event: 13.594 Thread 0x00007ffa4780f600 Exception <a 'java/lang/NoSuchMethodError'{0x0000000786d5c638}: 'long java.lang.invoke.DirectMethodHandle$Holder.invokeStaticInit(java.lang.Object, java.lang.Object)'> (0x0000000786d5c638) 
thrown [open/src/hotspot/share/interpreter/linkResolver.cpp, line 804]
Event: 13.595 Thread 0x00007ffa4780f600 Exception <a 'java/lang/NoSuchMethodError'{0x0000000786d649f8}: 'java.lang.Object java.lang.invoke.DirectMethodHandle$Holder.invokeStatic(java.lang.Object, long, java.lang.Object)'> (0x0000000786d649f8) 
thrown [open/src/hotspot/share/interpreter/linkResolver.cpp, line 804]
Event: 13.596 Thread 0x00007ffa4780f600 Exception <a 'java/lang/NoSuchMethodError'{0x0000000786d6c898}: 'java.lang.Object java.lang.invoke.DirectMethodHandle$Holder.invokeStaticInit(java.lang.Object, long, java.lang.Object)'> (0x0000000786d6c898) 
thrown [open/src/hotspot/share/interpreter/linkResolver.cpp, line 804]
Event: 13.596 Thread 0x00007ffa4780f600 Exception <a 'java/lang/NoSuchMethodError'{0x0000000786d74878}: 'java.lang.Object java.lang.invoke.DirectMethodHandle$Holder.invokeStaticInit(java.lang.Object, long)'> (0x0000000786d74878) 
thrown [open/src/hotspot/share/interpreter/linkResolver.cpp, line 804]

VM Operations (18 events):
Event: 0.174 Executing non-safepoint VM operation: HandshakeAllThreads (Deoptimize)
Event: 0.174 Executing non-safepoint VM operation: HandshakeAllThreads (Deoptimize) done
Event: 1.273 Executing non-safepoint VM operation: HandshakeAllThreads (Deoptimize)
Event: 1.273 Executing non-safepoint VM operation: HandshakeAllThreads (Deoptimize) done
Event: 1.718 Executing non-safepoint VM operation: HandshakeAllThreads (Deoptimize)
Event: 1.718 Executing non-safepoint VM operation: HandshakeAllThreads (Deoptimize) done
Event: 1.730 Executing non-safepoint VM operation: HandshakeAllThreads (Deoptimize)
Event: 1.730 Executing non-safepoint VM operation: HandshakeAllThreads (Deoptimize) done
Event: 1.733 Executing non-safepoint VM operation: HandshakeAllThreads (Deoptimize)
Event: 1.733 Executing non-safepoint VM operation: HandshakeAllThreads (Deoptimize) done
Event: 1.916 Executing non-safepoint VM operation: HandshakeAllThreads (Deoptimize)
Event: 1.916 Executing non-safepoint VM operation: HandshakeAllThreads (Deoptimize) done
Event: 12.292 Executing non-safepoint VM operation: HandshakeAllThreads (Deoptimize)
Event: 12.292 Executing non-safepoint VM operation: HandshakeAllThreads (Deoptimize) done
Event: 12.292 Executing non-safepoint VM operation: HandshakeAllThreads (Deoptimize)
Event: 12.293 Executing non-safepoint VM operation: HandshakeAllThreads (Deoptimize) done
Event: 13.588 Executing non-safepoint VM operation: HandshakeAllThreads (Deoptimize)
Event: 13.588 Executing non-safepoint VM operation: HandshakeAllThreads (Deoptimize) done

Memory protections (20 events):
Event: 0.027 Protecting memory [0x0000000124000000,0x0000000124004000] with protection modes 0
Event: 0.055 Protecting memory [0x0000700003f5d000,0x0000700003f61000] with protection modes 0
Event: 0.055 Protecting memory [0x0000700004060000,0x0000700004064000] with protection modes 0
Event: 0.055 Protecting memory [0x0000700004163000,0x0000700004167000] with protection modes 0
Event: 0.056 Protecting memory [0x0000700004266000,0x000070000426a000] with protection modes 0
Event: 0.056 Protecting memory [0x0000700004369000,0x000070000436d000] with protection modes 0
Event: 0.056 Protecting memory [0x000070000446c000,0x0000700004470000] with protection modes 0
Event: 0.066 Protecting memory [0x000070000456f000,0x0000700004573000] with protection modes 0
Event: 0.263 Protecting memory [0x0000700004672000,0x0000700004676000] with protection modes 0
Event: 0.363 Protecting memory [0x0000700004775000,0x0000700004779000] with protection modes 0
Event: 0.364 Protecting memory [0x0000700004878000,0x000070000487c000] with protection modes 0
Event: 1.926 Protecting memory [0x000070000497b000,0x000070000497f000] with protection modes 0
Event: 3.558 Protecting memory [0x0000700004c8a000,0x0000700004c8e000] with protection modes 0
Event: 3.563 Protecting memory [0x0000700004d8d000,0x0000700004d91000] with protection modes 0
Event: 3.569 Protecting memory [0x0000700004e90000,0x0000700004e94000] with protection modes 0
Event: 4.829 Protecting memory [0x0000700004f93000,0x0000700004f97000] with protection modes 0
Event: 5.118 Protecting memory [0x0000700005096000,0x000070000509a000] with protection modes 0
Event: 5.119 Protecting memory [0x0000700005199000,0x000070000519d000] with protection modes 0
Event: 13.609 Protecting memory [0x0000700004e90000,0x0000700004e94000] with protection modes 3
Event: 13.635 Protecting memory [0x0000700004e90000,0x0000700004e94000] with protection modes 0

Nmethod flushes (0 events):
No events

Events (20 events):
Event: 0.029 Thread 0x00007ffa4780f600 Thread added: 0x00007ffa4780f600
Event: 0.055 Thread 0x00007ffa4780f600 Thread added: 0x00007ffa4784a000
Event: 0.055 Thread 0x00007ffa4780f600 Thread added: 0x00007ffa4784ca00
Event: 0.055 Thread 0x00007ffa4780f600 Thread added: 0x00007ffa4784d200
Event: 0.056 Thread 0x00007ffa4780f600 Thread added: 0x00007ffa4784da00
Event: 0.056 Thread 0x00007ffa4780f600 Thread added: 0x00007ffa4784e200
Event: 0.056 Thread 0x00007ffa4780f600 Thread added: 0x00007ffa4784ea00
Event: 0.066 Thread 0x00007ffa4780f600 Thread added: 0x00007ffa48884200
Event: 0.263 Thread 0x00007ffa4780f600 Thread added: 0x00007ffa4800f200
Event: 0.363 Thread 0x00007ffa4780f600 Thread added: 0x00007ffa48884c00
Event: 0.364 Thread 0x00007ffa4780f600 Thread added: 0x00007ffa4792b800
Event: 1.926 Thread 0x00007ffa4780f600 Thread added: 0x00007ffa47a11a00
Event: 3.558 Thread 0x00007ffa4780f600 Thread added: 0x00007ffa48133000
Event: 3.563 Thread 0x00007ffa4780f600 Thread added: 0x00007ffa48131800
Event: 3.569 Thread 0x00007ffa4780f600 Thread added: 0x00007ffa47285c00
Event: 4.829 Thread 0x00007ffa48131800 Thread added: 0x00007ffa48adf400
Event: 5.118 Thread 0x00007ffa48131800 Thread added: 0x00007ffa48137a00
Event: 5.119 Thread 0x00007ffa48adf400 Thread added: 0x00007ffa4729b000
Event: 13.609 Thread 0x00007ffa47285c00 Thread exited: 0x00007ffa47285c00
Event: 13.635 Thread 0x00007ffa4780f600 Thread added: 0x00007ffa47acbe00


Dynamic libraries:
0x0000000105c01000 	/Users/mac/Library/Java/JavaVirtualMachines/openjdk-25-patched/Contents/Home/lib/libjli.dylib
0x00007fff6b571000 	/usr/lib/libSystem.B.dylib
0x00007fff6db3d000 	/usr/lib/libz.1.dylib
0x00007fff32aab000 	/System/Library/Frameworks/ApplicationServices.framework/Versions/A/ApplicationServices
0x00007fff33b45000 	/System/Library/Frameworks/Cocoa.framework/Versions/A/Cocoa
0x00007fff411ac000 	/System/Library/Frameworks/Security.framework/Versions/A/Security
0x00007fff349f8000 	/System/Library/Frameworks/CoreFoundation.framework/Versions/A/CoreFoundation
0x00007fff370dd000 	/System/Library/Frameworks/Foundation.framework/Versions/C/Foundation
0x00007fff6d46a000 	/usr/lib/libobjc.A.dylib
0x00007fff6e3fe000 	/usr/lib/system/libcache.dylib
0x00007fff6e404000 	/usr/lib/system/libcommonCrypto.dylib
0x00007fff6e410000 	/usr/lib/system/libcompiler_rt.dylib
0x00007fff6e418000 	/usr/lib/system/libcopyfile.dylib
0x00007fff6e422000 	/usr/lib/system/libcorecrypto.dylib
0x00007fff6e5c1000 	/usr/lib/system/libdispatch.dylib
0x00007fff6e602000 	/usr/lib/system/libdyld.dylib
0x00007fff6e639000 	/usr/lib/system/libkeymgr.dylib
0x00007fff6e647000 	/usr/lib/system/liblaunch.dylib
0x00007fff6e648000 	/usr/lib/system/libmacho.dylib
0x00007fff6e64e000 	/usr/lib/system/libquarantine.dylib
0x00007fff6e651000 	/usr/lib/system/libremovefile.dylib
0x00007fff6e653000 	/usr/lib/system/libsystem_asl.dylib
0x00007fff6e66b000 	/usr/lib/system/libsystem_blocks.dylib
0x00007fff6e66c000 	/usr/lib/system/libsystem_c.dylib
0x00007fff6e6f4000 	/usr/lib/system/libsystem_configuration.dylib
0x00007fff6e6f8000 	/usr/lib/system/libsystem_coreservices.dylib
0x00007fff6e6fc000 	/usr/lib/system/libsystem_darwin.dylib
0x00007fff6e705000 	/usr/lib/system/libsystem_dnssd.dylib
0x00007fff6e70d000 	/usr/lib/system/libsystem_featureflags.dylib
0x00007fff6e70f000 	/usr/lib/system/libsystem_info.dylib
0x00007fff6e78a000 	/usr/lib/system/libsystem_m.dylib
0x00007fff6e7d6000 	/usr/lib/system/libsystem_malloc.dylib
0x00007fff6e7fe000 	/usr/lib/system/libsystem_networkextension.dylib
0x00007fff6e80c000 	/usr/lib/system/libsystem_notify.dylib
0x00007fff6e82a000 	/usr/lib/system/libsystem_sandbox.dylib
0x00007fff6e82f000 	/usr/lib/system/libsystem_secinit.dylib
0x00007fff6e75d000 	/usr/lib/system/libsystem_kernel.dylib
0x00007fff6e816000 	/usr/lib/system/libsystem_platform.dylib
0x00007fff6e81f000 	/usr/lib/system/libsystem_pthread.dylib
0x00007fff6e832000 	/usr/lib/system/libsystem_symptoms.dylib
0x00007fff6e83a000 	/usr/lib/system/libsystem_trace.dylib
0x00007fff6e852000 	/usr/lib/system/libunwind.dylib
0x00007fff6e858000 	/usr/lib/system/libxpc.dylib
0x00007fff6b940000 	/usr/lib/libc++abi.dylib
0x00007fff6b8ed000 	/usr/lib/libc++.1.dylib
0x00007fff34e7a000 	/System/Library/Frameworks/CoreGraphics.framework/Versions/A/CoreGraphics
0x00007fff36879000 	/System/Library/Frameworks/CoreText.framework/Versions/A/CoreText
0x00007fff3794c000 	/System/Library/Frameworks/ImageIO.framework/Versions/A/ImageIO
0x00007fff33b53000 	/System/Library/Frameworks/ColorSync.framework/Versions/A/ColorSync
0x00007fff32aac000 	/System/Library/Frameworks/ApplicationServices.framework/Versions/A/Frameworks/ATS.framework/Versions/A/ATS
0x00007fff32c79000 	/System/Library/Frameworks/ApplicationServices.framework/Versions/A/Frameworks/ColorSyncLegacy.framework/Versions/A/ColorSyncLegacy
0x00007fff35e05000 	/System/Library/Frameworks/CoreServices.framework/Versions/A/CoreServices
0x00007fff32d17000 	/System/Library/Frameworks/ApplicationServices.framework/Versions/A/Frameworks/HIServices.framework/Versions/A/HIServices
0x00007fff32d6f000 	/System/Library/Frameworks/ApplicationServices.framework/Versions/A/Frameworks/LangAnalysis.framework/Versions/A/LangAnalysis
0x00007fff32d7e000 	/System/Library/Frameworks/ApplicationServices.framework/Versions/A/Frameworks/PrintCore.framework/Versions/A/PrintCore
0x00007fff32dc4000 	/System/Library/Frameworks/ApplicationServices.framework/Versions/A/Frameworks/QD.framework/Versions/A/QD
0x00007fff32dcf000 	/System/Library/Frameworks/ApplicationServices.framework/Versions/A/Frameworks/SpeechSynthesis.framework/Versions/A/SpeechSynthesis
0x00007fff639bc000 	/System/Library/PrivateFrameworks/SkyLight.framework/Versions/A/SkyLight
0x00007fff50e49000 	/System/Library/PrivateFrameworks/FontServices.framework/libFontParser.dylib
0x00007fff3060c000 	/System/Library/Frameworks/Accelerate.framework/Versions/A/Accelerate
0x00007fff378bc000 	/System/Library/Frameworks/IOSurface.framework/Versions/A/IOSurface
0x00007fff6da2e000 	/usr/lib/libxml2.2.dylib
0x00007fff33257000 	/System/Library/Frameworks/CFNetwork.framework/Versions/A/CFNetwork
0x00007fff674b0000 	/System/Library/PrivateFrameworks/WatchdogClient.framework/Versions/A/WatchdogClient
0x00007fff6b969000 	/usr/lib/libcompression.dylib
0x00007fff6b09b000 	/usr/lib/libDiagnosticMessagesClient.dylib
0x00007fff4225f000 	/System/Library/Frameworks/SystemConfiguration.framework/Versions/A/SystemConfiguration
0x00007fff348c5000 	/System/Library/Frameworks/CoreDisplay.framework/Versions/A/CoreDisplay
0x00007fff59435000 	/System/Library/PrivateFrameworks/IOAccelerator.framework/Versions/A/IOAccelerator
0x00007fff37816000 	/System/Library/Frameworks/IOKit.framework/Versions/A/IOKit
0x00007fff39f9c000 	/System/Library/Frameworks/Metal.framework/Versions/A/Metal
0x00007fff3a337000 	/System/Library/Frameworks/MetalPerformanceShaders.framework/Versions/A/MetalPerformanceShaders
0x00007fff5b839000 	/System/Library/PrivateFrameworks/MultitouchSupport.framework/Versions/A/MultitouchSupport
0x00007fff403a5000 	/System/Library/Frameworks/QuartzCore.framework/Versions/A/QuartzCore
0x00007fff6b8cf000 	/usr/lib/libbsm.0.dylib
0x00007fff6c747000 	/usr/lib/liblzma.5.dylib
0x00007fff6b809000 	/usr/lib/libauto.dylib
0x00007fff6c3c2000 	/usr/lib/libfakelink.dylib
0x00007fff36d9b000 	/System/Library/Frameworks/DiskArbitration.framework/Versions/A/DiskArbitration
0x00007fff6b663000 	/usr/lib/libarchive.2.dylib
0x00007fff6c4d4000 	/usr/lib/libicucore.A.dylib
0x00007fff6c745000 	/usr/lib/liblangid.dylib
0x00007fff6afce000 	/usr/lib/libCRFSuite.dylib
0x00007fff6c399000 	/usr/lib/libenergytrace.dylib
0x00007fff6e63a000 	/usr/lib/system/libkxld.dylib
0x00007fff48019000 	/System/Library/PrivateFrameworks/AppleFSCompression.framework/Versions/A/AppleFSCompression
0x00007fff6bc5b000 	/usr/lib/libcoretls.dylib
0x00007fff6bc72000 	/usr/lib/libcoretls_cfhelpers.dylib
0x00007fff6d4af000 	/usr/lib/libpam.2.dylib
0x00007fff6d5e4000 	/usr/lib/libsqlite3.dylib
0x00007fff6da1b000 	/usr/lib/libxar.1.dylib
0x00007fff6b8e0000 	/usr/lib/libbz2.1.0.dylib
0x00007fff6c3e3000 	/usr/lib/libiconv.2.dylib
0x00007fff6b956000 	/usr/lib/libcharset.1.dylib
0x00007fff6cf4d000 	/usr/lib/libnetwork.dylib
0x00007fff6d4b6000 	/usr/lib/libpcap.A.dylib
0x00007fff6b618000 	/usr/lib/libapple_nghttp2.dylib
0x00007fff361bc000 	/System/Library/Frameworks/CoreServices.framework/Versions/A/Frameworks/FSEvents.framework/Versions/A/FSEvents
0x00007fff35e8c000 	/System/Library/Frameworks/CoreServices.framework/Versions/A/Frameworks/CarbonCore.framework/Versions/A/CarbonCore
0x00007fff36401000 	/System/Library/Frameworks/CoreServices.framework/Versions/A/Frameworks/Metadata.framework/Versions/A/Metadata
0x00007fff3649a000 	/System/Library/Frameworks/CoreServices.framework/Versions/A/Frameworks/OSServices.framework/Versions/A/OSServices
0x00007fff364c8000 	/System/Library/Frameworks/CoreServices.framework/Versions/A/Frameworks/SearchKit.framework/Versions/A/SearchKit
0x00007fff35e06000 	/System/Library/Frameworks/CoreServices.framework/Versions/A/Frameworks/AE.framework/Versions/A/AE
0x00007fff361c5000 	/System/Library/Frameworks/CoreServices.framework/Versions/A/Frameworks/LaunchServices.framework/Versions/A/LaunchServices
0x00007fff3616e000 	/System/Library/Frameworks/CoreServices.framework/Versions/A/Frameworks/DictionaryServices.framework/Versions/A/DictionaryServices
0x00007fff36530000 	/System/Library/Frameworks/CoreServices.framework/Versions/A/Frameworks/SharedFileList.framework/Versions/A/SharedFileList
0x00007fff3b1f7000 	/System/Library/Frameworks/NetFS.framework/Versions/A/NetFS
0x00007fff5bd69000 	/System/Library/PrivateFrameworks/NetAuth.framework/Versions/A/NetAuth
0x00007fff684ae000 	/System/Library/PrivateFrameworks/login.framework/Versions/A/Frameworks/loginsupport.framework/Versions/A/loginsupport
0x00007fff65001000 	/System/Library/PrivateFrameworks/TCC.framework/Versions/A/TCC
0x00007fff4cc4f000 	/System/Library/PrivateFrameworks/CoreNLP.framework/Versions/A/CoreNLP
0x00007fff5b266000 	/System/Library/PrivateFrameworks/MetadataUtilities.framework/Versions/A/MetadataUtilities
0x00007fff6c81f000 	/usr/lib/libmecabra.dylib
0x00007fff6c777000 	/usr/lib/libmecab.dylib
0x00007fff6c3d3000 	/usr/lib/libgermantok.dylib
0x00007fff6b5ff000 	/usr/lib/libThaiTokenizer.dylib
0x00007fff6b005000 	/usr/lib/libChineseTokenizer.dylib
0x00007fff30625000 	/System/Library/Frameworks/Accelerate.framework/Versions/A/Frameworks/vImage.framework/Versions/A/vImage
0x00007fff31af3000 	/System/Library/Frameworks/Accelerate.framework/Versions/A/Frameworks/vecLib.framework/Versions/A/vecLib
0x00007fff31974000 	/System/Library/Frameworks/Accelerate.framework/Versions/A/Frameworks/vecLib.framework/Versions/A/libvMisc.dylib
0x00007fff317e1000 	/System/Library/Frameworks/Accelerate.framework/Versions/A/Frameworks/vecLib.framework/Versions/A/libvDSP.dylib
0x00007fff30ec1000 	/System/Library/Frameworks/Accelerate.framework/Versions/A/Frameworks/vecLib.framework/Versions/A/libBLAS.dylib
0x00007fff31399000 	/System/Library/Frameworks/Accelerate.framework/Versions/A/Frameworks/vecLib.framework/Versions/A/libLAPACK.dylib
0x00007fff31741000 	/System/Library/Frameworks/Accelerate.framework/Versions/A/Frameworks/vecLib.framework/Versions/A/libLinearAlgebra.dylib
0x00007fff317ce000 	/System/Library/Frameworks/Accelerate.framework/Versions/A/Frameworks/vecLib.framework/Versions/A/libSparseBLAS.dylib
0x00007fff31757000 	/System/Library/Frameworks/Accelerate.framework/Versions/A/Frameworks/vecLib.framework/Versions/A/libQuadrature.dylib
0x00007fff31057000 	/System/Library/Frameworks/Accelerate.framework/Versions/A/Frameworks/vecLib.framework/Versions/A/libBNNS.dylib
0x00007fff3175d000 	/System/Library/Frameworks/Accelerate.framework/Versions/A/Frameworks/vecLib.framework/Versions/A/libSparse.dylib
0x00007fff59dda000 	/System/Library/PrivateFrameworks/LanguageModeling.framework/Versions/A/LanguageModeling
0x00007fff4c5fe000 	/System/Library/PrivateFrameworks/CoreEmoji.framework/Versions/A/CoreEmoji
0x00007fff59ef8000 	/System/Library/PrivateFrameworks/LinguisticData.framework/Versions/A/LinguisticData
0x00007fff59ea9000 	/System/Library/PrivateFrameworks/Lexicon.framework/Versions/A/Lexicon
0x00007fff6b957000 	/usr/lib/libcmph.dylib
0x00007fff3dde6000 	/System/Library/Frameworks/OpenDirectory.framework/Versions/A/Frameworks/CFOpenDirectory.framework/Versions/A/CFOpenDirectory
0x00007fff3de03000 	/System/Library/Frameworks/OpenDirectory.framework/Versions/A/OpenDirectory
0x00007fff46249000 	/System/Library/PrivateFrameworks/APFS.framework/Versions/A/APFS
0x00007fff414f8000 	/System/Library/Frameworks/SecurityFoundation.framework/Versions/A/SecurityFoundation
0x00007fff6da17000 	/usr/lib/libutil.dylib
0x00007fff4db4a000 	/System/Library/PrivateFrameworks/CoreServicesStore.framework/Versions/A/CoreServicesStore
0x00007fff415af000 	/System/Library/Frameworks/ServiceManagement.framework/Versions/A/ServiceManagement
0x00007fff497eb000 	/System/Library/PrivateFrameworks/BackgroundTaskManagement.framework/Versions/A/BackgroundTaskManagement
0x00007fff6db14000 	/usr/lib/libxslt.1.dylib
0x00007fff55bc5000 	/System/Library/PrivateFrameworks/GPUWrangler.framework/Versions/A/GPUWrangler
0x00007fff5944a000 	/System/Library/PrivateFrameworks/IOPresentment.framework/Versions/A/IOPresentment
0x00007fff4e6ca000 	/System/Library/PrivateFrameworks/DSExternalDisplay.framework/Versions/A/DSExternalDisplay
0x00007fff3e777000 	/System/Library/Frameworks/OpenGL.framework/Versions/A/Libraries/libCoreFSCache.dylib
0x00007fff3a083000 	/System/Library/Frameworks/MetalPerformanceShaders.framework/Frameworks/MPSCore.framework/Versions/A/MPSCore
0x00007fff3a0c1000 	/System/Library/Frameworks/MetalPerformanceShaders.framework/Frameworks/MPSImage.framework/Versions/A/MPSImage
0x00007fff3a188000 	/System/Library/Frameworks/MetalPerformanceShaders.framework/Frameworks/MPSNeuralNetwork.framework/Versions/A/MPSNeuralNetwork
0x00007fff3a14c000 	/System/Library/Frameworks/MetalPerformanceShaders.framework/Frameworks/MPSMatrix.framework/Versions/A/MPSMatrix
0x00007fff3a2e7000 	/System/Library/Frameworks/MetalPerformanceShaders.framework/Frameworks/MPSRayIntersector.framework/Versions/A/MPSRayIntersector
0x00007fff3a172000 	/System/Library/Frameworks/MetalPerformanceShaders.framework/Frameworks/MPSNDArray.framework/Versions/A/MPSNDArray
0x00007fff5b2b3000 	/System/Library/PrivateFrameworks/MetalTools.framework/Versions/A/MetalTools
0x00007fff47423000 	/System/Library/PrivateFrameworks/AggregateDictionary.framework/Versions/A/AggregateDictionary
0x00007fff4c045000 	/System/Library/PrivateFrameworks/CoreAnalytics.framework/Versions/A/CoreAnalytics
0x00007fff485ab000 	/System/Library/PrivateFrameworks/AppleSauce.framework/Versions/A/AppleSauce
0x00007fff6b3df000 	/usr/lib/libMobileGestalt.dylib
0x00007fff4868d000 	/System/Library/PrivateFrameworks/AppleSystemInfo.framework/Versions/A/AppleSystemInfo
0x00007fff6b2c1000 	/usr/lib/libIOReport.dylib
0x00007fff35520000 	/System/Library/Frameworks/CoreImage.framework/Versions/A/CoreImage
0x00007fff36a32000 	/System/Library/Frameworks/CoreVideo.framework/Versions/A/CoreVideo
0x00007fff3f3d8000 	/System/Library/Frameworks/OpenGL.framework/Versions/A/OpenGL
0x00007fff5703e000 	/System/Library/PrivateFrameworks/GraphVisualizer.framework/Versions/A/GraphVisualizer
0x00007fff5038f000 	/System/Library/PrivateFrameworks/FaceCore.framework/Versions/A/FaceCore
0x00007fff3dd8d000 	/System/Library/Frameworks/OpenCL.framework/Versions/A/OpenCL
0x00007fff6b0e3000 	/usr/lib/libFosl_dynamic.dylib
0x00007fff5c78b000 	/System/Library/PrivateFrameworks/OTSVG.framework/Versions/A/OTSVG
0x00007fff32bb0000 	/System/Library/Frameworks/ApplicationServices.framework/Versions/A/Frameworks/ATS.framework/Versions/A/Resources/libFontRegistry.dylib
0x00007fff6b6d6000 	/usr/lib/libate.dylib
0x00007fff37b6b000 	/System/Library/Frameworks/ImageIO.framework/Versions/A/Resources/libJPEG.dylib
0x00007fff37e2a000 	/System/Library/Frameworks/ImageIO.framework/Versions/A/Resources/libTIFF.dylib
0x00007fff37e0d000 	/System/Library/Frameworks/ImageIO.framework/Versions/A/Resources/libPng.dylib
0x00007fff37aad000 	/System/Library/Frameworks/ImageIO.framework/Versions/A/Resources/libGIF.dylib
0x00007fff37ab1000 	/System/Library/Frameworks/ImageIO.framework/Versions/A/Resources/libJP2.dylib
0x00007fff37e28000 	/System/Library/Frameworks/ImageIO.framework/Versions/A/Resources/libRadiance.dylib
0x00007fff6c39a000 	/usr/lib/libexpat.1.dylib
0x00007fff48174000 	/System/Library/PrivateFrameworks/AppleJPEG.framework/Versions/A/AppleJPEG
0x00007fff51019000 	/System/Library/PrivateFrameworks/FontServices.framework/libhvf.dylib
0x00007fff3e782000 	/System/Library/Frameworks/OpenGL.framework/Versions/A/Libraries/libGFXShared.dylib
0x00007fff3e960000 	/System/Library/Frameworks/OpenGL.framework/Versions/A/Libraries/libGLU.dylib
0x00007fff3e78b000 	/System/Library/Frameworks/OpenGL.framework/Versions/A/Libraries/libGL.dylib
0x00007fff3e796000 	/System/Library/Frameworks/OpenGL.framework/Versions/A/Libraries/libGLImage.dylib
0x00007fff3e774000 	/System/Library/Frameworks/OpenGL.framework/Versions/A/Libraries/libCVMSPluginSupport.dylib
0x00007fff3e77d000 	/System/Library/Frameworks/OpenGL.framework/Versions/A/Libraries/libCoreVMClient.dylib
0x00007fff6cdee000 	/usr/lib/libncurses.5.4.dylib
0x00007fff32c49000 	/System/Library/Frameworks/ApplicationServices.framework/Versions/A/Frameworks/ATSUI.framework/Versions/A/ATSUI
0x00007fff6c230000 	/usr/lib/libcups.2.dylib
0x00007fff393d2000 	/System/Library/Frameworks/Kerberos.framework/Versions/A/Kerberos
0x00007fff3750f000 	/System/Library/Frameworks/GSS.framework/Versions/A/GSS
0x00007fff6d570000 	/usr/lib/libresolv.9.dylib
0x00007fff571eb000 	/System/Library/PrivateFrameworks/Heimdal.framework/Versions/A/Heimdal
0x00007fff393e5000 	/System/Library/Frameworks/Kerberos.framework/Versions/A/Libraries/libHeimdalProxy.dylib
0x00007fff6c3d9000 	/usr/lib/libheimdal-asn1.dylib
0x00007fff4b4dd000 	/System/Library/PrivateFrameworks/CommonAuth.framework/Versions/A/CommonAuth
0x00007fff33f34000 	/System/Library/Frameworks/CoreAudio.framework/Versions/A/CoreAudio
0x00007fff32ddd000 	/System/Library/Frameworks/AudioToolbox.framework/Versions/A/AudioToolbox
0x00007fff4872a000 	/System/Library/PrivateFrameworks/AssertionServices.framework/Versions/A/AssertionServices
0x00007fff492cd000 	/System/Library/PrivateFrameworks/AudioToolboxCore.framework/Versions/A/AudioToolboxCore
0x00007fff6815e000 	/System/Library/PrivateFrameworks/caulk.framework/Versions/A/caulk
0x00007fff49897000 	/System/Library/PrivateFrameworks/BaseBoard.framework/Versions/A/BaseBoard
0x00007fff609ee000 	/System/Library/PrivateFrameworks/RunningBoardServices.framework/Versions/A/RunningBoardServices
0x00007fff5d9ff000 	/System/Library/PrivateFrameworks/PersistentConnection.framework/Versions/A/PersistentConnection
0x00007fff603e7000 	/System/Library/PrivateFrameworks/ProtocolBuffer.framework/Versions/A/ProtocolBuffer
0x00007fff4b501000 	/System/Library/PrivateFrameworks/CommonUtilities.framework/Versions/A/CommonUtilities
0x00007fff49a25000 	/System/Library/PrivateFrameworks/Bom.framework/Versions/A/Bom
0x00007fff6af94000 	/usr/lib/libAudioToolboxUtility.dylib
0x00007fff31c9d000 	/System/Library/Frameworks/AppKit.framework/Versions/C/AppKit
0x00007fff344c9000 	/System/Library/Frameworks/CoreData.framework/Versions/A/CoreData
0x00007fff657cc000 	/System/Library/PrivateFrameworks/UIFoundation.framework/Versions/A/UIFoundation
0x00007fff60860000 	/System/Library/PrivateFrameworks/RemoteViewServices.framework/Versions/A/RemoteViewServices
0x00007fff680e1000 	/System/Library/PrivateFrameworks/XCTTargetBootstrap.framework/Versions/A/XCTTargetBootstrap
0x00007fff4e85d000 	/System/Library/PrivateFrameworks/DesktopServicesPriv.framework/Versions/A/DesktopServicesPriv
0x00007fff4daf2000 	/System/Library/PrivateFrameworks/CoreSVG.framework/Versions/A/CoreSVG
0x00007fff597e9000 	/System/Library/PrivateFrameworks/IconServices.framework/Versions/A/IconServices
0x00007fff4e6b7000 	/System/Library/PrivateFrameworks/DFRFoundation.framework/Versions/A/DFRFoundation
0x00007fff32ec0000 	/System/Library/Frameworks/AudioUnit.framework/Versions/A/AudioUnit
0x00007fff4e759000 	/System/Library/PrivateFrameworks/DataDetectorsCore.framework/Versions/A/DataDetectorsCore
0x00007fff33666000 	/System/Library/Frameworks/Carbon.framework/Versions/A/Frameworks/HIToolbox.framework/Versions/A/HIToolbox
0x00007fff339a5000 	/System/Library/Frameworks/Carbon.framework/Versions/A/Frameworks/SpeechRecognition.framework/Versions/A/SpeechRecognition
0x00007fff4e1cb000 	/System/Library/PrivateFrameworks/CoreUI.framework/Versions/A/CoreUI
0x00007fff5d9f3000 	/System/Library/PrivateFrameworks/PerformanceAnalysis.framework/Versions/A/PerformanceAnalysis
0x00007fff65536000 	/System/Library/PrivateFrameworks/TextureIO.framework/Versions/A/TextureIO
0x00007fff599f2000 	/System/Library/PrivateFrameworks/InternationalSupport.framework/Versions/A/InternationalSupport
0x00007fff497f5000 	/System/Library/PrivateFrameworks/Backup.framework/Versions/A/Backup
0x00007fff4e5eb000 	/System/Library/PrivateFrameworks/CrashReporterSupport.framework/Versions/A/CrashReporterSupport
0x00007fff62480000 	/System/Library/PrivateFrameworks/Sharing.framework/Versions/A/Sharing
0x00007fff47d37000 	/System/Library/PrivateFrameworks/Apple80211.framework/Versions/A/Apple80211
0x00007fff49512000 	/System/Library/PrivateFrameworks/AuthKit.framework/Versions/A/AuthKit
0x00007fff4e2f8000 	/System/Library/PrivateFrameworks/CoreUtils.framework/Versions/A/CoreUtils
0x00007fff36a77000 	/System/Library/Frameworks/CoreWLAN.framework/Versions/A/CoreWLAN
0x00007fff3769c000 	/System/Library/Frameworks/IOBluetooth.framework/Versions/A/IOBluetooth
0x00007fff5b5b8000 	/System/Library/PrivateFrameworks/MobileKeyBag.framework/Versions/A/MobileKeyBag
0x00007fff4d0e7000 	/System/Library/PrivateFrameworks/CorePhoneNumbers.framework/Versions/A/CorePhoneNumbers
0x00007fff48127000 	/System/Library/PrivateFrameworks/AppleIDAuthSupport.framework/Versions/A/AppleIDAuthSupport
0x00007fff3b204000 	/System/Library/Frameworks/Network.framework/Versions/A/Network
0x00007fff59c86000 	/System/Library/PrivateFrameworks/KeychainCircle.framework/Versions/A/KeychainCircle
0x00007fff34490000 	/System/Library/Frameworks/CoreBluetooth.framework/Versions/A/CoreBluetooth
0x00007fff644ff000 	/System/Library/PrivateFrameworks/SpeechRecognitionCore.framework/Versions/A/SpeechRecognitionCore
0x00007fff27a07000 	/System/Library/CoreServices/Encodings/libCyrillicConverter.dylib
0x0000000106600000 	/Users/mac/Library/Java/JavaVirtualMachines/openjdk-25-patched/Contents/Home/lib/server/libjvm.dylib
0x0000000105c23000 	/Users/mac/Library/Java/JavaVirtualMachines/openjdk-25-patched/Contents/Home/lib/libjimage.dylib
0x0000000105c33000 	/Users/mac/Library/Java/JavaVirtualMachines/openjdk-25-patched/Contents/Home/lib/libinstrument.dylib
0x0000000105c45000 	/Users/mac/Library/Java/JavaVirtualMachines/openjdk-25-patched/Contents/Home/lib/libjava.dylib
0x00000001101ad000 	/Users/mac/Library/Java/JavaVirtualMachines/openjdk-25-patched/Contents/Home/lib/libzip.dylib
0x00000001101bc000 	/Users/mac/Library/Java/JavaVirtualMachines/openjdk-25-patched/Contents/Home/lib/libnio.dylib
0x00000001101d3000 	/Users/mac/Library/Java/JavaVirtualMachines/openjdk-25-patched/Contents/Home/lib/libnet.dylib
0x00000001101e5000 	/Users/mac/Library/Java/JavaVirtualMachines/openjdk-25-patched/Contents/Home/lib/libextnet.dylib
0x00000001101f0000 	/Users/mac/Library/Java/JavaVirtualMachines/openjdk-25-patched/Contents/Home/lib/libprefs.dylib
0x00000001101fd000 	/private/var/folders/57/xgqcb4yj1_958k83lyr82lrw0000gn/T/audiosnd_13478218120896545312audio-snd.dylib
0x0000000110279000 	/System/Library/Extensions/AppleHDA.kext/Contents/PlugIns/AppleHDAHALPlugIn.bundle/Contents/MacOS/AppleHDAHALPlugIn
0x0000000110286000 	/System/Library/Components/CoreAudio.component/Contents/MacOS/CoreAudio
0x00007fff491b6000 	/System/Library/PrivateFrameworks/AudioSession.framework/Versions/A/AudioSession
0x00007fff49208000 	/System/Library/PrivateFrameworks/AudioSession.framework/libSessionUtility.dylib
0x00007fff4db16000 	/System/Library/PrivateFrameworks/CoreServicesInternal.framework/Versions/A/CoreServicesInternal

JVMTI agents:
/Applications/IntelliJ IDEA.app/Contents/lib/idea_rt.jar path:none, loaded, initialized, instrumentlib options:58184


VM Arguments:
jvm_args: --enable-native-access=ALL-UNNAMED -javaagent:/Applications/IntelliJ IDEA.app/Contents/lib/idea_rt.jar=58184 -Dfile.encoding=UTF-8 -Dsun.stdout.encoding=UTF-8 -Dsun.stderr.encoding=UTF-8 
java_command: org.plovdev.audioengine.examples.MicrophoneExample
java_class_path (initial): /Users/mac/IdeaProjects/AudioSND/examples/target/classes:/Users/mac/IdeaProjects/AudioSND/core/target/classes:/Users/mac/IdeaProjects/AudioSND/implementation/target/classes:/Users/mac/IdeaProjects/AudioSND/loaders/target/classes:/Users/mac/IdeaProjects/AudioSND/generator/target/classes:/Users/mac/IdeaProjects/AudioSND/math/target/classes:/Users/mac/IdeaProjects/AudioSND/effects/target/classes:/Users/mac/IdeaProjects/AudioSND/profiler/target/classes:/Users/mac/.m2/repository/org/slf4j/slf4j-api/2.0.17/slf4j-api-2.0.17.jar:/Users/mac/.m2/repository/ch/qos/logback/logback-classic/1.5.26/logback-classic-1.5.26.jar:/Users/mac/.m2/repository/ch/qos/logback/logback-core/1.5.26/logback-core-1.5.26.jar:/Users/mac/.m2/repository/org/jetbrains/annotations/17.0.0/annotations-17.0.0.jar
Launcher Type: SUN_STANDARD

[Global flags]
     intx CICompilerCount                          = 3                                         {product} {ergonomic}
     uint ConcGCThreads                            = 1                                         {product} {ergonomic}
     uint G1ConcRefinementThreads                  = 4                                         {product} {ergonomic}
   size_t G1HeapRegionSize                         = 1048576                                   {product} {ergonomic}
   size_t InitialHeapSize                          = 134217728                                 {product} {ergonomic}
   size_t MarkStackSize                            = 4194304                                   {product} {ergonomic}
   size_t MarkStackSizeMax                         = 536870912                                 {product} {ergonomic}
   size_t MaxHeapSize                              = 2147483648                                {product} {ergonomic}
   size_t MaxNewSize                               = 1287651328                                {product} {ergonomic}
   size_t MinHeapDeltaBytes                        = 1048576                                   {product} {ergonomic}
   size_t MinHeapSize                              = 8388608                                   {product} {ergonomic}
    uintx NonNMethodCodeHeapSize                   = 5832704                                {pd product} {ergonomic}
    uintx NonProfiledCodeHeapSize                  = 122916864                              {pd product} {ergonomic}
    uintx ProfiledCodeHeapSize                     = 122908672                              {pd product} {ergonomic}
    uintx ReservedCodeCacheSize                    = 251658240                              {pd product} {ergonomic}
     bool SegmentedCodeCache                       = true                                      {product} {ergonomic}
   size_t SoftMaxHeapSize                          = 2147483648                             {manageable} {ergonomic}
     bool UseCompressedOops                        = true                           {product lp64_product} {ergonomic}
     bool UseG1GC                                  = true                                      {product} {ergonomic}
     bool UseNUMA                                  = false                                     {product} {ergonomic}
     bool UseNUMAInterleaving                      = false                                     {product} {ergonomic}

Logging:
Log output configuration:
 #0: stdout all=warning uptime,level,tags foldmultilines=false
 #1: stderr all=off uptime,level,tags foldmultilines=false

Release file:
IMPLEMENTOR="Oracle Corporation"
JAVA_RUNTIME_VERSION="25.0.2+10-69"
JAVA_VERSION="25.0.2"
JAVA_VERSION_DATE="2026-01-20"
LIBC="default"
MODULES="java.base java.compiler java.datatransfer java.xml java.prefs java.desktop java.instrument java.logging java.management java.security.sasl java.naming java.rmi java.management.rmi java.net.http java.scripting java.security.jgss java.transaction.xa java.sql java.sql.rowset java.xml.crypto java.se java.smartcardio jdk.accessibility jdk.internal.jvmstat jdk.attach jdk.charsets jdk.internal.opt jdk.zipfs jdk.compiler jdk.crypto.cryptoki jdk.crypto.ec jdk.dynalink jdk.internal.ed jdk.editpad jdk.internal.vm.ci jdk.graal.compiler jdk.graal.compiler.management jdk.hotspot.agent jdk.httpserver jdk.incubator.vector jdk.internal.le jdk.internal.md jdk.jartool jdk.javadoc jdk.jcmd jdk.management jdk.management.agent jdk.jconsole jdk.jdeps jdk.jdwp.agent jdk.jdi jdk.jfr jdk.jlink jdk.jpackage jdk.jshell jdk.jsobject jdk.jstatd jdk.localedata jdk.management.jfr jdk.naming.dns jdk.naming.rmi jdk.net jdk.nio.mapmode jdk.sctp jdk.security.auth jdk.security.jgss jdk.unsupported jdk.unsupported.desktop jdk.xml.dom"
OS_ARCH="x86_64"
OS_NAME="Darwin"
SOURCE=".:git:405a5699ebd0"

Environment Variables:
JAVA_HOME=/Library/Java/JavaVirtualMachines/jdk-25.jdk/Contents/Home
PATH=/Users/mac/bin:/Library/Java/JavaVirtualMachines/jdk-25.jdk/Contents/Home/bin:/usr/local/bin:/Applications/CMake.app/Contents/bin:/Applications/Postgres.app/Contents/Versions/latest/bin:/usr/local/opt/postgresql@14/bin:/usr/local/bin:/usr/bin:/bin:/usr/sbin:/sbin:/usr/local/go/bin:/opt/X11/bin:/Users/mac/.cargo/bin
SHELL=/bin/zsh
DISPLAY=/private/tmp/com.apple.launchd.0FtAaWLSYl/org.xquartz:0
LC_CTYPE=ru_RU.UTF-8
TMPDIR=/var/folders/57/xgqcb4yj1_958k83lyr82lrw0000gn/T/

Active Locale:
LC_ALL=C/ru_RU.UTF-8/C/C/C/C
LC_COLLATE=C
LC_CTYPE=ru_RU.UTF-8
LC_MESSAGES=C
LC_MONETARY=C
LC_NUMERIC=C
LC_TIME=C

Signal Handlers:
   SIGSEGV: crash_handler in libjvm.dylib, mask=11100110000111110111111111111111, flags=SA_ONSTACK|SA_RESTART|SA_SIGINFO, unblocked
    SIGBUS: crash_handler in libjvm.dylib, mask=11100110000111110111111111111111, flags=SA_RESTART|SA_SIGINFO, unblocked
    SIGFPE: crash_handler in libjvm.dylib, mask=11100110000111110111111111111111, flags=SA_RESTART|SA_SIGINFO, unblocked
   SIGPIPE: javaSignalHandler in libjvm.dylib, mask=11100110000111110111111111111111, flags=SA_RESTART|SA_SIGINFO, blocked
   SIGXFSZ: javaSignalHandler in libjvm.dylib, mask=11100110000111110111111111111111, flags=SA_RESTART|SA_SIGINFO, blocked
    SIGILL: crash_handler in libjvm.dylib, mask=11100110000111110111111111111111, flags=SA_RESTART|SA_SIGINFO, unblocked
   SIGUSR2: SR_handler in libjvm.dylib, mask=00000000000000000000000000000000, flags=SA_RESTART|SA_SIGINFO, blocked
    SIGHUP: UserHandler in libjvm.dylib, mask=11100110000111110111111111111111, flags=SA_RESTART|SA_SIGINFO, blocked
    SIGINT: UserHandler in libjvm.dylib, mask=11100110000111110111111111111111, flags=SA_RESTART|SA_SIGINFO, blocked
   SIGTERM: UserHandler in libjvm.dylib, mask=11100110000111110111111111111111, flags=SA_RESTART|SA_SIGINFO, blocked
   SIGQUIT: UserHandler in libjvm.dylib, mask=11100110000111110111111111111111, flags=SA_RESTART|SA_SIGINFO, blocked
   SIGTRAP: crash_handler in libjvm.dylib, mask=11100110000111110111111111111111, flags=SA_RESTART|SA_SIGINFO, unblocked


Compilation memory statistics disabled.

Periodic native trim disabled

---------------  S Y S T E M  ---------------

OS:
uname: Darwin 19.6.0 Darwin Kernel Version 19.6.0: Tue Jun 21 21:18:39 PDT 2022; root:xnu-6153.141.66~1/RELEASE_X86_64 x86_64
OS uptime: 11 days 15:53 hours
rlimit (soft/hard): STACK 8192k/65532k , CORE 0k/infinity , NPROC 1392/2088 , NOFILE 10240/infinity , AS infinity/infinity , CPU infinity/infinity , DATA infinity/infinity , FSIZE infinity/infinity , MEMLOCK infinity/infinity , RSS infinity/infinity
load average: 4.12 3.11 2.41

CPU: total 4 (initial active 4) (2 cores per cpu, 2 threads per core) family 6 model 58 stepping 9 microcode 0x21, cx8, cmov, fxsr, ht, mmx, sse, sse2, sse3, ssse3, sse4.1, sse4.2, popcnt, tsc, tscinvbit, avx, aes, erms, clmul, vzeroupper, clflush, rdtscp, f16c
machdep.cpu.brand_string:Intel(R) Core(TM) i7-3667U CPU @ 2.00GHz
hw.cpufrequency:2000000000
hw.cpufrequency_min:2000000000
hw.cpufrequency_max:2000000000
hw.cachelinesize:64
hw.l1icachesize:32768
hw.l1dcachesize:32768
hw.l2cachesize:262144
hw.l3cachesize:4194304

Memory: 4k page, physical 8388608k(853992k free), swap 2097152k(1495552k free)

vm_info: OpenJDK 64-Bit Server VM (25.0.2+10-69) for bsd-amd64 JRE (25.0.2+10-69), built on 2025-12-18T11:36:35Z with clang Apple LLVM 15.0.0 (clang-1500.3.9.4)

END.
