#
# A fatal error has been detected by the Java Runtime Environment:
#
#  SIGSEGV (0xb) at pc=0x000000010d476dc9, pid=19951, tid=9731
#
# JRE version: OpenJDK Runtime Environment (25.0.2+10) (build 25.0.2+10-69)
# Java VM: OpenJDK 64-Bit Server VM (25.0.2+10-69, mixed mode, sharing, tiered, compressed oops, compressed class ptrs, g1 gc, bsd-amd64)
# Problematic frame:
# V  [libjvm.dylib+0x676dc9]  jni_GetStaticObjectField+0xc9
#
# No core dump will be written. Core dumps have been disabled. To enable core dumping, try "ulimit -c unlimited" before starting Java again
#
# If you would like to submit a bug report, please visit:
#   https://bugreport.java.com/bugreport/crash.jsp
#

---------------  S U M M A R Y ------------

Command Line: -javaagent:/Users/mac/Library/Caches/JetBrains/IntelliJIdea2025.3/captureAgent/debugger-agent.jar=file:///var/folders/57/xgqcb4yj1_958k83lyr82lrw0000gn/T/capture4981652438519831971.props -ea --enable-native-access=ALL-UNNAMED -Didea.test.cyclic.buffer.size=1048576 -javaagent:/Applications/IntelliJ IDEA.app/Contents/lib/idea_rt.jar=50160 -Dkotlinx.coroutines.debug.enable.creation.stack.trace=false -Ddebugger.agent.enable.coroutines=true -Dkotlinx.coroutines.debug.enable.flows.stack.trace=true -Dkotlinx.coroutines.debug.enable.mutable.state.flows.stack.trace=true -Ddebugger.async.stack.trace.for.all.threads=true -Dfile.encoding=UTF-8 -Dsun.stdout.encoding=UTF-8 -Dsun.stderr.encoding=UTF-8 com.intellij.rt.junit.JUnitStarter -ideVersion5 -junit6 @w@/private/var/folders/57/xgqcb4yj1_958k83lyr82lrw0000gn/T/idea_working_dirs_junit.tmp @/private/var/folders/57/xgqcb4yj1_958k83lyr82lrw0000gn/T/idea_junit.tmp -socket50159

Host: "MacBookAir5,2" x86_64 2000 MHz, 4 cores, 8G, Darwin 19.6.0, macOS 10.15.8 (19H2036)
Time: Sat Feb  7 20:12:07 2026 MSK elapsed time: 3.868188 seconds (0d 0h 0m 3s)

---------------  T H R E A D  ---------------

Current thread (0x00007fb420008a00):  JavaThread "main"             [_thread_in_vm, id=9731, stack(0x0000700002f38000,0x0000700003038000) (1024K)]

Stack: [0x0000700002f38000,0x0000700003038000],  sp=0x0000700003034450,  free space=1009k
Native frames: (J=compiled Java code, j=interpreted, Vv=VM code, C=native code)
V  [libjvm.dylib+0x676dc9]  jni_GetStaticObjectField+0xc9
C  [audiosnd_12301821893757505726audio-snd.dylib+0x494f]  JNIEnv_::GetStaticObjectField(_jclass*, _jfieldID*)+0x2f
C  [audiosnd_9912320602426353452audio-snd.dylib+0x4911]  getDeviceType(JNIEnv_*, unsigned int)+0xa1
C  [audiosnd_9912320602426353452audio-snd.dylib+0x5a5f]  createAudioDeviceInfo(JNIEnv_*, unsigned int, std::__1::basic_string<char, std::__1::char_traits<char>, std::__1::allocator<char> > const&)+0x3f
C  [audiosnd_9912320602426353452audio-snd.dylib+0x6b8e]  getDefaultDeviceByScope(JNIEnv_*, bool)+0xfe
C  [audiosnd_9912320602426353452audio-snd.dylib+0x771d]  Java_org_plovdev_audioengine_devices_AudioDeviceManager__1getDefaultOutputAudioDevice+0x1d
j  org.plovdev.audioengine.devices.AudioDeviceManager._getDefaultOutputAudioDevice()Lorg/plovdev/audioengine/devices/AudioDeviceInfo;+0
j  org.plovdev.audioengine.devices.AudioDeviceManager.getDefaultOutputAudioDevice()Lorg/plovdev/audioengine/devices/AudioDeviceInfo;+1
j  test.plovdev.audioengine.tracks.NativeTrackPlayingTest.testPlaying(Ltest/plovdev/audioengine/tracks/TestFormatName;)V+40
j  test.plovdev.audioengine.tracks.NativeTrackPlayingTest.lambda$playPCM_ALAW_S_LE$0()V+4
j  test.plovdev.audioengine.tracks.NativeTrackPlayingTest$$Lambda+0x000000012c225d60.execute()V+4
j  org.junit.jupiter.api.AssertDoesNotThrow.assertDoesNotThrow(Lorg/junit/jupiter/api/function/Executable;Ljava/lang/Object;)V+1
j  org.junit.jupiter.api.AssertDoesNotThrow.assertDoesNotThrow(Lorg/junit/jupiter/api/function/Executable;)V+2
j  org.junit.jupiter.api.Assertions.assertDoesNotThrow(Lorg/junit/jupiter/api/function/Executable;)V+1
j  test.plovdev.audioengine.tracks.NativeTrackPlayingTest.playPCM_ALAW_S_LE()V+6
j  java.lang.invoke.LambdaForm$DMH+0x000000012c21c000.invokeVirtual(Ljava/lang/Object;Ljava/lang/Object;)V+10 java.base@25.0.2
j  java.lang.invoke.LambdaForm$MH+0x000000012c21c800.invoke(Ljava/lang/Object;Ljava/lang/Object;)Ljava/lang/Object;+31 java.base@25.0.2
j  java.lang.invoke.Invokers$Holder.invokeExact_MT(Ljava/lang/Object;Ljava/lang/Object;Ljava/lang/Object;)Ljava/lang/Object;+19 java.base@25.0.2
j  jdk.internal.reflect.DirectMethodHandleAccessor.invokeImpl(Ljava/lang/Object;[Ljava/lang/Object;)Ljava/lang/Object;+41 java.base@25.0.2
j  jdk.internal.reflect.DirectMethodHandleAccessor.invoke(Ljava/lang/Object;[Ljava/lang/Object;)Ljava/lang/Object;+23 java.base@25.0.2
j  java.lang.reflect.Method.invoke(Ljava/lang/Object;[Ljava/lang/Object;)Ljava/lang/Object;+102 java.base@25.0.2
j  org.junit.platform.commons.util.ReflectionUtils.invokeMethod(Ljava/lang/reflect/Method;Ljava/lang/Object;[Ljava/lang/Object;)Ljava/lang/Object;+42
j  org.junit.platform.commons.support.ReflectionSupport.invokeMethod(Ljava/lang/reflect/Method;Ljava/lang/Object;[Ljava/lang/Object;)Ljava/lang/Object;+3
j  org.junit.jupiter.engine.support.MethodReflectionUtils.invoke(Ljava/lang/reflect/Method;Ljava/lang/Object;[Ljava/lang/Object;)Ljava/lang/Object;+17
j  org.junit.jupiter.engine.execution.MethodInvocation.proceed()Ljava/lang/Object;+18
j  org.junit.jupiter.engine.execution.InvocationInterceptorChain$ValidatingInvocation.proceed()Ljava/lang/Object;+8
j  org.junit.jupiter.engine.extension.TimeoutExtension.intercept(Lorg/junit/jupiter/api/extension/InvocationInterceptor$Invocation;Lorg/junit/jupiter/api/extension/ReflectiveInvocationContext;Lorg/junit/jupiter/api/extension/ExtensionContext;Lorg/junit/jupiter/engine/extension/TimeoutDuration;Lorg/junit/jupiter/engine/extension/TimeoutExtension$TimeoutProvider;)Ljava/lang/Object;+53
j  org.junit.jupiter.engine.extension.TimeoutExtension.interceptTestableMethod(Lorg/junit/jupiter/api/extension/InvocationInterceptor$Invocation;Lorg/junit/jupiter/api/extension/ReflectiveInvocationContext;Lorg/junit/jupiter/api/extension/ExtensionContext;Lorg/junit/jupiter/engine/extension/TimeoutExtension$TimeoutProvider;)Ljava/lang/Object;+31
j  org.junit.jupiter.engine.extension.TimeoutExtension.interceptTestMethod(Lorg/junit/jupiter/api/extension/InvocationInterceptor$Invocation;Lorg/junit/jupiter/api/extension/ReflectiveInvocationContext;Lorg/junit/jupiter/api/extension/ExtensionContext;)V+9
j  org.junit.jupiter.engine.descriptor.TestMethodTestDescriptor$$Lambda+0x000000012c135888.apply(Lorg/junit/jupiter/api/extension/InvocationInterceptor;Lorg/junit/jupiter/api/extension/InvocationInterceptor$Invocation;Lorg/junit/jupiter/api/extension/ReflectiveInvocationContext;Lorg/junit/jupiter/api/extension/ExtensionContext;)V+5
j  org.junit.jupiter.engine.execution.InterceptingExecutableInvoker$ReflectiveInterceptorCall.lambda$ofVoidMethod$0(Lorg/junit/jupiter/engine/execution/InterceptingExecutableInvoker$ReflectiveInterceptorCall$VoidMethodInterceptorCall;Lorg/junit/jupiter/api/extension/InvocationInterceptor;Lorg/junit/jupiter/api/extension/InvocationInterceptor$Invocation;Lorg/junit/jupiter/api/extension/ReflectiveInvocationContext;Lorg/junit/jupiter/api/extension/ExtensionContext;)Ljava/lang/Void;+6
j  org.junit.jupiter.engine.execution.InterceptingExecutableInvoker$ReflectiveInterceptorCall$$Lambda+0x000000012c214428.apply(Lorg/junit/jupiter/api/extension/InvocationInterceptor;Lorg/junit/jupiter/api/extension/InvocationInterceptor$Invocation;Lorg/junit/jupiter/api/extension/ReflectiveInvocationContext;Lorg/junit/jupiter/api/extension/ExtensionContext;)Ljava/lang/Object;+9
j  org.junit.jupiter.engine.execution.InterceptingExecutableInvoker.lambda$invoke$0(Lorg/junit/jupiter/engine/execution/InterceptingExecutableInvoker$ReflectiveInterceptorCall;Lorg/junit/jupiter/api/extension/ReflectiveInvocationContext;Lorg/junit/jupiter/api/extension/ExtensionContext;Lorg/junit/jupiter/api/extension/InvocationInterceptor;Lorg/junit/jupiter/api/extension/InvocationInterceptor$Invocation;)Ljava/lang/Object;+6
j  org.junit.jupiter.engine.execution.InterceptingExecutableInvoker$$Lambda+0x000000012c214b28.apply(Lorg/junit/jupiter/api/extension/InvocationInterceptor;Lorg/junit/jupiter/api/extension/InvocationInterceptor$Invocation;)Ljava/lang/Object;+14
j  org.junit.jupiter.engine.execution.InvocationInterceptorChain$InterceptedInvocation.proceed()Ljava/lang/Object;+12
j  org.junit.jupiter.engine.execution.InvocationInterceptorChain.proceed(Lorg/junit/jupiter/api/extension/InvocationInterceptor$Invocation;)Ljava/lang/Object;+1
j  org.junit.jupiter.engine.execution.InvocationInterceptorChain.chainAndInvoke(Lorg/junit/jupiter/api/extension/InvocationInterceptor$Invocation;Lorg/junit/jupiter/engine/execution/InvocationInterceptorChain$InterceptorCall;Ljava/util/List;)Ljava/lang/Object;+24
j  org.junit.jupiter.engine.execution.InvocationInterceptorChain.invoke(Lorg/junit/jupiter/api/extension/InvocationInterceptor$Invocation;Lorg/junit/jupiter/engine/extension/ExtensionRegistry;Lorg/junit/jupiter/engine/execution/InvocationInterceptorChain$InterceptorCall;)Ljava/lang/Object;+31
j  org.junit.jupiter.engine.execution.InterceptingExecutableInvoker.invoke(Lorg/junit/jupiter/api/extension/InvocationInterceptor$Invocation;Lorg/junit/jupiter/api/extension/ReflectiveInvocationContext;Lorg/junit/jupiter/api/extension/ExtensionContext;Lorg/junit/jupiter/engine/extension/ExtensionRegistry;Lorg/junit/jupiter/engine/execution/InterceptingExecutableInvoker$ReflectiveInterceptorCall;)Ljava/lang/Object;+15
j  org.junit.jupiter.engine.execution.InterceptingExecutableInvoker.invoke(Ljava/lang/reflect/Method;Ljava/lang/Object;Lorg/junit/jupiter/api/extension/ExtensionContext;Lorg/junit/jupiter/engine/extension/ExtensionRegistry;Lorg/junit/jupiter/engine/execution/InterceptingExecutableInvoker$ReflectiveInterceptorCall;)Ljava/lang/Object;+59
j  org.junit.jupiter.engine.execution.InterceptingExecutableInvoker.invokeVoid(Ljava/lang/reflect/Method;Ljava/lang/Object;Lorg/junit/jupiter/api/extension/ExtensionContext;Lorg/junit/jupiter/engine/extension/ExtensionRegistry;Lorg/junit/jupiter/engine/execution/InterceptingExecutableInvoker$ReflectiveInterceptorCall$VoidMethodInterceptorCall;)V+11
j  org.junit.jupiter.engine.descriptor.TestMethodTestDescriptor.lambda$invokeTestMethod$0(Lorg/junit/jupiter/api/extension/ExtensionContext;Lorg/junit/jupiter/engine/execution/JupiterEngineExecutionContext;)V+28
j  org.junit.jupiter.engine.descriptor.TestMethodTestDescriptor$$Lambda+0x000000012c213fb0.execute()V+12
j  org.junit.platform.engine.support.hierarchical.ThrowableCollector.execute(Lorg/junit/platform/engine/support/hierarchical/ThrowableCollector$Executable;)V+1
j  org.junit.jupiter.engine.descriptor.TestMethodTestDescriptor.invokeTestMethod(Lorg/junit/jupiter/engine/execution/JupiterEngineExecutionContext;Lorg/junit/platform/engine/support/hierarchical/Node$DynamicTestExecutor;)V+21
j  org.junit.jupiter.engine.descriptor.TestMethodTestDescriptor.execute(Lorg/junit/jupiter/engine/execution/JupiterEngineExecutionContext;Lorg/junit/platform/engine/support/hierarchical/Node$DynamicTestExecutor;)Lorg/junit/jupiter/engine/execution/JupiterEngineExecutionContext;+44
j  org.junit.jupiter.engine.descriptor.TestMethodTestDescriptor.execute(Lorg/junit/platform/engine/support/hierarchical/EngineExecutionContext;Lorg/junit/platform/engine/support/hierarchical/Node$DynamicTestExecutor;)Lorg/junit/platform/engine/support/hierarchical/EngineExecutionContext;+6
j  org.junit.platform.engine.support.hierarchical.NodeTestTask.lambda$executeRecursively$2(Lorg/junit/platform/engine/support/hierarchical/ThrowableCollector;)V+78
j  org.junit.platform.engine.support.hierarchical.NodeTestTask$$Lambda+0x000000012c1a0000.execute()V+8
j  org.junit.platform.engine.support.hierarchical.ThrowableCollector.execute(Lorg/junit/platform/engine/support/hierarchical/ThrowableCollector$Executable;)V+1
j  org.junit.platform.engine.support.hierarchical.NodeTestTask.lambda$executeRecursively$1(Lorg/junit/platform/engine/support/hierarchical/ThrowableCollector;Lorg/junit/platform/engine/support/hierarchical/EngineExecutionContext;)V+13
j  org.junit.platform.engine.support.hierarchical.NodeTestTask$$Lambda+0x000000012c19fbd8.invoke(Lorg/junit/platform/engine/support/hierarchical/EngineExecutionContext;)V+9
j  org.junit.platform.engine.support.hierarchical.Node.around(Lorg/junit/platform/engine/support/hierarchical/EngineExecutionContext;Lorg/junit/platform/engine/support/hierarchical/Node$Invocation;)V+2
j  org.junit.platform.engine.support.hierarchical.NodeTestTask.lambda$executeRecursively$0(Lorg/junit/platform/engine/support/hierarchical/ThrowableCollector;)V+15
j  org.junit.platform.engine.support.hierarchical.NodeTestTask$$Lambda+0x000000012c19f7a0.execute()V+8
j  org.junit.platform.engine.support.hierarchical.ThrowableCollector.execute(Lorg/junit/platform/engine/support/hierarchical/ThrowableCollector$Executable;)V+1
j  org.junit.platform.engine.support.hierarchical.NodeTestTask.executeRecursively()V+34
j  org.junit.platform.engine.support.hierarchical.NodeTestTask.execute()V+79
j  org.junit.platform.engine.support.hierarchical.SameThreadHierarchicalTestExecutorService$$Lambda+0x000000012c1a0b40.accept(Ljava/lang/Object;)V+4
j  java.util.ArrayList.forEach(Ljava/util/function/Consumer;)V+46 java.base@25.0.2
j  org.junit.platform.engine.support.hierarchical.SameThreadHierarchicalTestExecutorService.invokeAll(Ljava/util/List;)V+6
j  org.junit.platform.engine.support.hierarchical.NodeTestTask.lambda$executeRecursively$2(Lorg/junit/platform/engine/support/hierarchical/ThrowableCollector;)V+115
j  org.junit.platform.engine.support.hierarchical.NodeTestTask$$Lambda+0x000000012c1a0000.execute()V+8
j  org.junit.platform.engine.support.hierarchical.ThrowableCollector.execute(Lorg/junit/platform/engine/support/hierarchical/ThrowableCollector$Executable;)V+1
j  org.junit.platform.engine.support.hierarchical.NodeTestTask.lambda$executeRecursively$1(Lorg/junit/platform/engine/support/hierarchical/ThrowableCollector;Lorg/junit/platform/engine/support/hierarchical/EngineExecutionContext;)V+13
j  org.junit.platform.engine.support.hierarchical.NodeTestTask$$Lambda+0x000000012c19fbd8.invoke(Lorg/junit/platform/engine/support/hierarchical/EngineExecutionContext;)V+9
j  org.junit.platform.engine.support.hierarchical.Node.around(Lorg/junit/platform/engine/support/hierarchical/EngineExecutionContext;Lorg/junit/platform/engine/support/hierarchical/Node$Invocation;)V+2
j  org.junit.platform.engine.support.hierarchical.NodeTestTask.lambda$executeRecursively$0(Lorg/junit/platform/engine/support/hierarchical/ThrowableCollector;)V+15
j  org.junit.platform.engine.support.hierarchical.NodeTestTask$$Lambda+0x000000012c19f7a0.execute()V+8
j  org.junit.platform.engine.support.hierarchical.ThrowableCollector.execute(Lorg/junit/platform/engine/support/hierarchical/ThrowableCollector$Executable;)V+1
j  org.junit.platform.engine.support.hierarchical.NodeTestTask.executeRecursively()V+34
j  org.junit.platform.engine.support.hierarchical.NodeTestTask.execute()V+79
j  org.junit.platform.engine.support.hierarchical.SameThreadHierarchicalTestExecutorService$$Lambda+0x000000012c1a0b40.accept(Ljava/lang/Object;)V+4
j  java.util.ArrayList.forEach(Ljava/util/function/Consumer;)V+46 java.base@25.0.2
j  org.junit.platform.engine.support.hierarchical.SameThreadHierarchicalTestExecutorService.invokeAll(Ljava/util/List;)V+6
j  org.junit.platform.engine.support.hierarchical.NodeTestTask.lambda$executeRecursively$2(Lorg/junit/platform/engine/support/hierarchical/ThrowableCollector;)V+115
j  org.junit.platform.engine.support.hierarchical.NodeTestTask$$Lambda+0x000000012c1a0000.execute()V+8
j  org.junit.platform.engine.support.hierarchical.ThrowableCollector.execute(Lorg/junit/platform/engine/support/hierarchical/ThrowableCollector$Executable;)V+1
j  org.junit.platform.engine.support.hierarchical.NodeTestTask.lambda$executeRecursively$1(Lorg/junit/platform/engine/support/hierarchical/ThrowableCollector;Lorg/junit/platform/engine/support/hierarchical/EngineExecutionContext;)V+13
j  org.junit.platform.engine.support.hierarchical.NodeTestTask$$Lambda+0x000000012c19fbd8.invoke(Lorg/junit/platform/engine/support/hierarchical/EngineExecutionContext;)V+9
j  org.junit.platform.engine.support.hierarchical.Node.around(Lorg/junit/platform/engine/support/hierarchical/EngineExecutionContext;Lorg/junit/platform/engine/support/hierarchical/Node$Invocation;)V+2
j  org.junit.platform.engine.support.hierarchical.NodeTestTask.lambda$executeRecursively$0(Lorg/junit/platform/engine/support/hierarchical/ThrowableCollector;)V+15
j  org.junit.platform.engine.support.hierarchical.NodeTestTask$$Lambda+0x000000012c19f7a0.execute()V+8
j  org.junit.platform.engine.support.hierarchical.ThrowableCollector.execute(Lorg/junit/platform/engine/support/hierarchical/ThrowableCollector$Executable;)V+1
j  org.junit.platform.engine.support.hierarchical.NodeTestTask.executeRecursively()V+34
j  org.junit.platform.engine.support.hierarchical.NodeTestTask.execute()V+79
j  org.junit.platform.engine.support.hierarchical.SameThreadHierarchicalTestExecutorService.submit(Lorg/junit/platform/engine/support/hierarchical/HierarchicalTestExecutorService$TestTask;)Ljava/util/concurrent/Future;+1
j  org.junit.platform.engine.support.hierarchical.HierarchicalTestExecutor.execute()Ljava/util/concurrent/Future;+8
j  org.junit.platform.engine.support.hierarchical.HierarchicalTestEngine.execute(Lorg/junit/platform/engine/ExecutionRequest;)V+31
j  org.junit.platform.launcher.core.EngineExecutionOrchestrator.executeEngine(Lorg/junit/platform/engine/TestDescriptor;Lorg/junit/platform/engine/EngineExecutionListener;Lorg/junit/platform/engine/ConfigurationParameters;Lorg/junit/platform/engine/TestEngine;Lorg/junit/platform/engine/OutputDirectoryCreator;Lorg/junit/platform/launcher/core/DiscoveryIssueNotifier;Lorg/junit/platform/engine/support/store/NamespacedHierarchicalStore;Lorg/junit/platform/engine/CancellationToken;)V+26
j  org.junit.platform.launcher.core.EngineExecutionOrchestrator.failOrExecuteEngine(Lorg/junit/platform/launcher/core/LauncherDiscoveryResult;Lorg/junit/platform/engine/EngineExecutionListener;Lorg/junit/platform/engine/TestEngine;Lorg/junit/platform/engine/support/store/NamespacedHierarchicalStore;Lorg/junit/platform/engine/CancellationToken;)V+177
j  org.junit.platform.launcher.core.EngineExecutionOrchestrator.execute(Lorg/junit/platform/launcher/core/LauncherDiscoveryResult;Lorg/junit/platform/engine/EngineExecutionListener;Lorg/junit/platform/engine/support/store/NamespacedHierarchicalStore;Lorg/junit/platform/engine/CancellationToken;)V+70
j  org.junit.platform.launcher.core.EngineExecutionOrchestrator.execute(Lorg/junit/platform/launcher/core/InternalTestPlan;Lorg/junit/platform/engine/EngineExecutionListener;Lorg/junit/platform/launcher/TestExecutionListener;Lorg/junit/platform/engine/support/store/NamespacedHierarchicalStore;Lorg/junit/platform/engine/CancellationToken;)V+59
j  org.junit.platform.launcher.core.EngineExecutionOrchestrator.lambda$execute$0(Lorg/junit/platform/launcher/core/InternalTestPlan;Lorg/junit/platform/engine/support/store/NamespacedHierarchicalStore;Lorg/junit/platform/engine/CancellationToken;Lorg/junit/platform/launcher/TestExecutionListener;)V+9
j  org.junit.platform.launcher.core.EngineExecutionOrchestrator$$Lambda+0x000000012c186000.accept(Ljava/lang/Object;)V+20
j  org.junit.platform.launcher.core.EngineExecutionOrchestrator.withInterceptedStreams(Lorg/junit/platform/engine/ConfigurationParameters;Lorg/junit/platform/launcher/core/ListenerRegistry;Ljava/util/function/Consumer;)V+51
j  org.junit.platform.launcher.core.EngineExecutionOrchestrator.execute(Lorg/junit/platform/launcher/core/InternalTestPlan;Lorg/junit/platform/engine/support/store/NamespacedHierarchicalStore;Ljava/util/Collection;Lorg/junit/platform/engine/CancellationToken;)V+28
j  org.junit.platform.launcher.core.DefaultLauncher.execute(Lorg/junit/platform/launcher/core/InternalTestPlan;Ljava/util/Collection;Lorg/junit/platform/engine/CancellationToken;)V+15
j  org.junit.platform.launcher.core.DefaultLauncher.execute(Lorg/junit/platform/launcher/LauncherExecutionRequest;)V+42
j  org.junit.platform.launcher.core.DefaultLauncher.execute(Lorg/junit/platform/launcher/LauncherDiscoveryRequest;[Lorg/junit/platform/launcher/TestExecutionListener;)V+14
...<more frames>...
Java frames: (J=compiled Java code, j=interpreted, Vv=VM code)
j  org.plovdev.audioengine.devices.AudioDeviceManager._getDefaultOutputAudioDevice()Lorg/plovdev/audioengine/devices/AudioDeviceInfo;+0
j  org.plovdev.audioengine.devices.AudioDeviceManager.getDefaultOutputAudioDevice()Lorg/plovdev/audioengine/devices/AudioDeviceInfo;+1
j  test.plovdev.audioengine.tracks.NativeTrackPlayingTest.testPlaying(Ltest/plovdev/audioengine/tracks/TestFormatName;)V+40
j  test.plovdev.audioengine.tracks.NativeTrackPlayingTest.lambda$playPCM_ALAW_S_LE$0()V+4
j  test.plovdev.audioengine.tracks.NativeTrackPlayingTest$$Lambda+0x000000012c225d60.execute()V+4
j  org.junit.jupiter.api.AssertDoesNotThrow.assertDoesNotThrow(Lorg/junit/jupiter/api/function/Executable;Ljava/lang/Object;)V+1
j  org.junit.jupiter.api.AssertDoesNotThrow.assertDoesNotThrow(Lorg/junit/jupiter/api/function/Executable;)V+2
j  org.junit.jupiter.api.Assertions.assertDoesNotThrow(Lorg/junit/jupiter/api/function/Executable;)V+1
j  test.plovdev.audioengine.tracks.NativeTrackPlayingTest.playPCM_ALAW_S_LE()V+6
j  java.lang.invoke.LambdaForm$DMH+0x000000012c21c000.invokeVirtual(Ljava/lang/Object;Ljava/lang/Object;)V+10 java.base@25.0.2
j  java.lang.invoke.LambdaForm$MH+0x000000012c21c800.invoke(Ljava/lang/Object;Ljava/lang/Object;)Ljava/lang/Object;+31 java.base@25.0.2
j  java.lang.invoke.Invokers$Holder.invokeExact_MT(Ljava/lang/Object;Ljava/lang/Object;Ljava/lang/Object;)Ljava/lang/Object;+19 java.base@25.0.2
j  jdk.internal.reflect.DirectMethodHandleAccessor.invokeImpl(Ljava/lang/Object;[Ljava/lang/Object;)Ljava/lang/Object;+41 java.base@25.0.2
j  jdk.internal.reflect.DirectMethodHandleAccessor.invoke(Ljava/lang/Object;[Ljava/lang/Object;)Ljava/lang/Object;+23 java.base@25.0.2
j  java.lang.reflect.Method.invoke(Ljava/lang/Object;[Ljava/lang/Object;)Ljava/lang/Object;+102 java.base@25.0.2
j  org.junit.platform.commons.util.ReflectionUtils.invokeMethod(Ljava/lang/reflect/Method;Ljava/lang/Object;[Ljava/lang/Object;)Ljava/lang/Object;+42
j  org.junit.platform.commons.support.ReflectionSupport.invokeMethod(Ljava/lang/reflect/Method;Ljava/lang/Object;[Ljava/lang/Object;)Ljava/lang/Object;+3
j  org.junit.jupiter.engine.support.MethodReflectionUtils.invoke(Ljava/lang/reflect/Method;Ljava/lang/Object;[Ljava/lang/Object;)Ljava/lang/Object;+17
j  org.junit.jupiter.engine.execution.MethodInvocation.proceed()Ljava/lang/Object;+18
j  org.junit.jupiter.engine.execution.InvocationInterceptorChain$ValidatingInvocation.proceed()Ljava/lang/Object;+8
j  org.junit.jupiter.engine.extension.TimeoutExtension.intercept(Lorg/junit/jupiter/api/extension/InvocationInterceptor$Invocation;Lorg/junit/jupiter/api/extension/ReflectiveInvocationContext;Lorg/junit/jupiter/api/extension/ExtensionContext;Lorg/junit/jupiter/engine/extension/TimeoutDuration;Lorg/junit/jupiter/engine/extension/TimeoutExtension$TimeoutProvider;)Ljava/lang/Object;+53
j  org.junit.jupiter.engine.extension.TimeoutExtension.interceptTestableMethod(Lorg/junit/jupiter/api/extension/InvocationInterceptor$Invocation;Lorg/junit/jupiter/api/extension/ReflectiveInvocationContext;Lorg/junit/jupiter/api/extension/ExtensionContext;Lorg/junit/jupiter/engine/extension/TimeoutExtension$TimeoutProvider;)Ljava/lang/Object;+31
j  org.junit.jupiter.engine.extension.TimeoutExtension.interceptTestMethod(Lorg/junit/jupiter/api/extension/InvocationInterceptor$Invocation;Lorg/junit/jupiter/api/extension/ReflectiveInvocationContext;Lorg/junit/jupiter/api/extension/ExtensionContext;)V+9
j  org.junit.jupiter.engine.descriptor.TestMethodTestDescriptor$$Lambda+0x000000012c135888.apply(Lorg/junit/jupiter/api/extension/InvocationInterceptor;Lorg/junit/jupiter/api/extension/InvocationInterceptor$Invocation;Lorg/junit/jupiter/api/extension/ReflectiveInvocationContext;Lorg/junit/jupiter/api/extension/ExtensionContext;)V+5
j  org.junit.jupiter.engine.execution.InterceptingExecutableInvoker$ReflectiveInterceptorCall.lambda$ofVoidMethod$0(Lorg/junit/jupiter/engine/execution/InterceptingExecutableInvoker$ReflectiveInterceptorCall$VoidMethodInterceptorCall;Lorg/junit/jupiter/api/extension/InvocationInterceptor;Lorg/junit/jupiter/api/extension/InvocationInterceptor$Invocation;Lorg/junit/jupiter/api/extension/ReflectiveInvocationContext;Lorg/junit/jupiter/api/extension/ExtensionContext;)Ljava/lang/Void;+6
j  org.junit.jupiter.engine.execution.InterceptingExecutableInvoker$ReflectiveInterceptorCall$$Lambda+0x000000012c214428.apply(Lorg/junit/jupiter/api/extension/InvocationInterceptor;Lorg/junit/jupiter/api/extension/InvocationInterceptor$Invocation;Lorg/junit/jupiter/api/extension/ReflectiveInvocationContext;Lorg/junit/jupiter/api/extension/ExtensionContext;)Ljava/lang/Object;+9
j  org.junit.jupiter.engine.execution.InterceptingExecutableInvoker.lambda$invoke$0(Lorg/junit/jupiter/engine/execution/InterceptingExecutableInvoker$ReflectiveInterceptorCall;Lorg/junit/jupiter/api/extension/ReflectiveInvocationContext;Lorg/junit/jupiter/api/extension/ExtensionContext;Lorg/junit/jupiter/api/extension/InvocationInterceptor;Lorg/junit/jupiter/api/extension/InvocationInterceptor$Invocation;)Ljava/lang/Object;+6
j  org.junit.jupiter.engine.execution.InterceptingExecutableInvoker$$Lambda+0x000000012c214b28.apply(Lorg/junit/jupiter/api/extension/InvocationInterceptor;Lorg/junit/jupiter/api/extension/InvocationInterceptor$Invocation;)Ljava/lang/Object;+14
j  org.junit.jupiter.engine.execution.InvocationInterceptorChain$InterceptedInvocation.proceed()Ljava/lang/Object;+12
j  org.junit.jupiter.engine.execution.InvocationInterceptorChain.proceed(Lorg/junit/jupiter/api/extension/InvocationInterceptor$Invocation;)Ljava/lang/Object;+1
j  org.junit.jupiter.engine.execution.InvocationInterceptorChain.chainAndInvoke(Lorg/junit/jupiter/api/extension/InvocationInterceptor$Invocation;Lorg/junit/jupiter/engine/execution/InvocationInterceptorChain$InterceptorCall;Ljava/util/List;)Ljava/lang/Object;+24
j  org.junit.jupiter.engine.execution.InvocationInterceptorChain.invoke(Lorg/junit/jupiter/api/extension/InvocationInterceptor$Invocation;Lorg/junit/jupiter/engine/extension/ExtensionRegistry;Lorg/junit/jupiter/engine/execution/InvocationInterceptorChain$InterceptorCall;)Ljava/lang/Object;+31
j  org.junit.jupiter.engine.execution.InterceptingExecutableInvoker.invoke(Lorg/junit/jupiter/api/extension/InvocationInterceptor$Invocation;Lorg/junit/jupiter/api/extension/ReflectiveInvocationContext;Lorg/junit/jupiter/api/extension/ExtensionContext;Lorg/junit/jupiter/engine/extension/ExtensionRegistry;Lorg/junit/jupiter/engine/execution/InterceptingExecutableInvoker$ReflectiveInterceptorCall;)Ljava/lang/Object;+15
j  org.junit.jupiter.engine.execution.InterceptingExecutableInvoker.invoke(Ljava/lang/reflect/Method;Ljava/lang/Object;Lorg/junit/jupiter/api/extension/ExtensionContext;Lorg/junit/jupiter/engine/extension/ExtensionRegistry;Lorg/junit/jupiter/engine/execution/InterceptingExecutableInvoker$ReflectiveInterceptorCall;)Ljava/lang/Object;+59
j  org.junit.jupiter.engine.execution.InterceptingExecutableInvoker.invokeVoid(Ljava/lang/reflect/Method;Ljava/lang/Object;Lorg/junit/jupiter/api/extension/ExtensionContext;Lorg/junit/jupiter/engine/extension/ExtensionRegistry;Lorg/junit/jupiter/engine/execution/InterceptingExecutableInvoker$ReflectiveInterceptorCall$VoidMethodInterceptorCall;)V+11
j  org.junit.jupiter.engine.descriptor.TestMethodTestDescriptor.lambda$invokeTestMethod$0(Lorg/junit/jupiter/api/extension/ExtensionContext;Lorg/junit/jupiter/engine/execution/JupiterEngineExecutionContext;)V+28
j  org.junit.jupiter.engine.descriptor.TestMethodTestDescriptor$$Lambda+0x000000012c213fb0.execute()V+12
j  org.junit.platform.engine.support.hierarchical.ThrowableCollector.execute(Lorg/junit/platform/engine/support/hierarchical/ThrowableCollector$Executable;)V+1
j  org.junit.jupiter.engine.descriptor.TestMethodTestDescriptor.invokeTestMethod(Lorg/junit/jupiter/engine/execution/JupiterEngineExecutionContext;Lorg/junit/platform/engine/support/hierarchical/Node$DynamicTestExecutor;)V+21
j  org.junit.jupiter.engine.descriptor.TestMethodTestDescriptor.execute(Lorg/junit/jupiter/engine/execution/JupiterEngineExecutionContext;Lorg/junit/platform/engine/support/hierarchical/Node$DynamicTestExecutor;)Lorg/junit/jupiter/engine/execution/JupiterEngineExecutionContext;+44
j  org.junit.jupiter.engine.descriptor.TestMethodTestDescriptor.execute(Lorg/junit/platform/engine/support/hierarchical/EngineExecutionContext;Lorg/junit/platform/engine/support/hierarchical/Node$DynamicTestExecutor;)Lorg/junit/platform/engine/support/hierarchical/EngineExecutionContext;+6
j  org.junit.platform.engine.support.hierarchical.NodeTestTask.lambda$executeRecursively$2(Lorg/junit/platform/engine/support/hierarchical/ThrowableCollector;)V+78
j  org.junit.platform.engine.support.hierarchical.NodeTestTask$$Lambda+0x000000012c1a0000.execute()V+8
j  org.junit.platform.engine.support.hierarchical.ThrowableCollector.execute(Lorg/junit/platform/engine/support/hierarchical/ThrowableCollector$Executable;)V+1
j  org.junit.platform.engine.support.hierarchical.NodeTestTask.lambda$executeRecursively$1(Lorg/junit/platform/engine/support/hierarchical/ThrowableCollector;Lorg/junit/platform/engine/support/hierarchical/EngineExecutionContext;)V+13
j  org.junit.platform.engine.support.hierarchical.NodeTestTask$$Lambda+0x000000012c19fbd8.invoke(Lorg/junit/platform/engine/support/hierarchical/EngineExecutionContext;)V+9
j  org.junit.platform.engine.support.hierarchical.Node.around(Lorg/junit/platform/engine/support/hierarchical/EngineExecutionContext;Lorg/junit/platform/engine/support/hierarchical/Node$Invocation;)V+2
j  org.junit.platform.engine.support.hierarchical.NodeTestTask.lambda$executeRecursively$0(Lorg/junit/platform/engine/support/hierarchical/ThrowableCollector;)V+15
j  org.junit.platform.engine.support.hierarchical.NodeTestTask$$Lambda+0x000000012c19f7a0.execute()V+8
j  org.junit.platform.engine.support.hierarchical.ThrowableCollector.execute(Lorg/junit/platform/engine/support/hierarchical/ThrowableCollector$Executable;)V+1
j  org.junit.platform.engine.support.hierarchical.NodeTestTask.executeRecursively()V+34
j  org.junit.platform.engine.support.hierarchical.NodeTestTask.execute()V+79
j  org.junit.platform.engine.support.hierarchical.SameThreadHierarchicalTestExecutorService$$Lambda+0x000000012c1a0b40.accept(Ljava/lang/Object;)V+4
j  java.util.ArrayList.forEach(Ljava/util/function/Consumer;)V+46 java.base@25.0.2
j  org.junit.platform.engine.support.hierarchical.SameThreadHierarchicalTestExecutorService.invokeAll(Ljava/util/List;)V+6
j  org.junit.platform.engine.support.hierarchical.NodeTestTask.lambda$executeRecursively$2(Lorg/junit/platform/engine/support/hierarchical/ThrowableCollector;)V+115
j  org.junit.platform.engine.support.hierarchical.NodeTestTask$$Lambda+0x000000012c1a0000.execute()V+8
j  org.junit.platform.engine.support.hierarchical.ThrowableCollector.execute(Lorg/junit/platform/engine/support/hierarchical/ThrowableCollector$Executable;)V+1
j  org.junit.platform.engine.support.hierarchical.NodeTestTask.lambda$executeRecursively$1(Lorg/junit/platform/engine/support/hierarchical/ThrowableCollector;Lorg/junit/platform/engine/support/hierarchical/EngineExecutionContext;)V+13
j  org.junit.platform.engine.support.hierarchical.NodeTestTask$$Lambda+0x000000012c19fbd8.invoke(Lorg/junit/platform/engine/support/hierarchical/EngineExecutionContext;)V+9
j  org.junit.platform.engine.support.hierarchical.Node.around(Lorg/junit/platform/engine/support/hierarchical/EngineExecutionContext;Lorg/junit/platform/engine/support/hierarchical/Node$Invocation;)V+2
j  org.junit.platform.engine.support.hierarchical.NodeTestTask.lambda$executeRecursively$0(Lorg/junit/platform/engine/support/hierarchical/ThrowableCollector;)V+15
j  org.junit.platform.engine.support.hierarchical.NodeTestTask$$Lambda+0x000000012c19f7a0.execute()V+8
j  org.junit.platform.engine.support.hierarchical.ThrowableCollector.execute(Lorg/junit/platform/engine/support/hierarchical/ThrowableCollector$Executable;)V+1
j  org.junit.platform.engine.support.hierarchical.NodeTestTask.executeRecursively()V+34
j  org.junit.platform.engine.support.hierarchical.NodeTestTask.execute()V+79
j  org.junit.platform.engine.support.hierarchical.SameThreadHierarchicalTestExecutorService$$Lambda+0x000000012c1a0b40.accept(Ljava/lang/Object;)V+4
j  java.util.ArrayList.forEach(Ljava/util/function/Consumer;)V+46 java.base@25.0.2
j  org.junit.platform.engine.support.hierarchical.SameThreadHierarchicalTestExecutorService.invokeAll(Ljava/util/List;)V+6
j  org.junit.platform.engine.support.hierarchical.NodeTestTask.lambda$executeRecursively$2(Lorg/junit/platform/engine/support/hierarchical/ThrowableCollector;)V+115
j  org.junit.platform.engine.support.hierarchical.NodeTestTask$$Lambda+0x000000012c1a0000.execute()V+8
j  org.junit.platform.engine.support.hierarchical.ThrowableCollector.execute(Lorg/junit/platform/engine/support/hierarchical/ThrowableCollector$Executable;)V+1
j  org.junit.platform.engine.support.hierarchical.NodeTestTask.lambda$executeRecursively$1(Lorg/junit/platform/engine/support/hierarchical/ThrowableCollector;Lorg/junit/platform/engine/support/hierarchical/EngineExecutionContext;)V+13
j  org.junit.platform.engine.support.hierarchical.NodeTestTask$$Lambda+0x000000012c19fbd8.invoke(Lorg/junit/platform/engine/support/hierarchical/EngineExecutionContext;)V+9
j  org.junit.platform.engine.support.hierarchical.Node.around(Lorg/junit/platform/engine/support/hierarchical/EngineExecutionContext;Lorg/junit/platform/engine/support/hierarchical/Node$Invocation;)V+2
j  org.junit.platform.engine.support.hierarchical.NodeTestTask.lambda$executeRecursively$0(Lorg/junit/platform/engine/support/hierarchical/ThrowableCollector;)V+15
j  org.junit.platform.engine.support.hierarchical.NodeTestTask$$Lambda+0x000000012c19f7a0.execute()V+8
j  org.junit.platform.engine.support.hierarchical.ThrowableCollector.execute(Lorg/junit/platform/engine/support/hierarchical/ThrowableCollector$Executable;)V+1
j  org.junit.platform.engine.support.hierarchical.NodeTestTask.executeRecursively()V+34
j  org.junit.platform.engine.support.hierarchical.NodeTestTask.execute()V+79
j  org.junit.platform.engine.support.hierarchical.SameThreadHierarchicalTestExecutorService.submit(Lorg/junit/platform/engine/support/hierarchical/HierarchicalTestExecutorService$TestTask;)Ljava/util/concurrent/Future;+1
j  org.junit.platform.engine.support.hierarchical.HierarchicalTestExecutor.execute()Ljava/util/concurrent/Future;+8
j  org.junit.platform.engine.support.hierarchical.HierarchicalTestEngine.execute(Lorg/junit/platform/engine/ExecutionRequest;)V+31
j  org.junit.platform.launcher.core.EngineExecutionOrchestrator.executeEngine(Lorg/junit/platform/engine/TestDescriptor;Lorg/junit/platform/engine/EngineExecutionListener;Lorg/junit/platform/engine/ConfigurationParameters;Lorg/junit/platform/engine/TestEngine;Lorg/junit/platform/engine/OutputDirectoryCreator;Lorg/junit/platform/launcher/core/DiscoveryIssueNotifier;Lorg/junit/platform/engine/support/store/NamespacedHierarchicalStore;Lorg/junit/platform/engine/CancellationToken;)V+26
j  org.junit.platform.launcher.core.EngineExecutionOrchestrator.failOrExecuteEngine(Lorg/junit/platform/launcher/core/LauncherDiscoveryResult;Lorg/junit/platform/engine/EngineExecutionListener;Lorg/junit/platform/engine/TestEngine;Lorg/junit/platform/engine/support/store/NamespacedHierarchicalStore;Lorg/junit/platform/engine/CancellationToken;)V+177
j  org.junit.platform.launcher.core.EngineExecutionOrchestrator.execute(Lorg/junit/platform/launcher/core/LauncherDiscoveryResult;Lorg/junit/platform/engine/EngineExecutionListener;Lorg/junit/platform/engine/support/store/NamespacedHierarchicalStore;Lorg/junit/platform/engine/CancellationToken;)V+70
j  org.junit.platform.launcher.core.EngineExecutionOrchestrator.execute(Lorg/junit/platform/launcher/core/InternalTestPlan;Lorg/junit/platform/engine/EngineExecutionListener;Lorg/junit/platform/launcher/TestExecutionListener;Lorg/junit/platform/engine/support/store/NamespacedHierarchicalStore;Lorg/junit/platform/engine/CancellationToken;)V+59
j  org.junit.platform.launcher.core.EngineExecutionOrchestrator.lambda$execute$0(Lorg/junit/platform/launcher/core/InternalTestPlan;Lorg/junit/platform/engine/support/store/NamespacedHierarchicalStore;Lorg/junit/platform/engine/CancellationToken;Lorg/junit/platform/launcher/TestExecutionListener;)V+9
j  org.junit.platform.launcher.core.EngineExecutionOrchestrator$$Lambda+0x000000012c186000.accept(Ljava/lang/Object;)V+20
j  org.junit.platform.launcher.core.EngineExecutionOrchestrator.withInterceptedStreams(Lorg/junit/platform/engine/ConfigurationParameters;Lorg/junit/platform/launcher/core/ListenerRegistry;Ljava/util/function/Consumer;)V+51
j  org.junit.platform.launcher.core.EngineExecutionOrchestrator.execute(Lorg/junit/platform/launcher/core/InternalTestPlan;Lorg/junit/platform/engine/support/store/NamespacedHierarchicalStore;Ljava/util/Collection;Lorg/junit/platform/engine/CancellationToken;)V+28
j  org.junit.platform.launcher.core.DefaultLauncher.execute(Lorg/junit/platform/launcher/core/InternalTestPlan;Ljava/util/Collection;Lorg/junit/platform/engine/CancellationToken;)V+15
j  org.junit.platform.launcher.core.DefaultLauncher.execute(Lorg/junit/platform/launcher/LauncherExecutionRequest;)V+42
j  org.junit.platform.launcher.core.DefaultLauncher.execute(Lorg/junit/platform/launcher/LauncherDiscoveryRequest;[Lorg/junit/platform/launcher/TestExecutionListener;)V+14
j  org.junit.platform.launcher.core.DelegatingLauncher.execute(Lorg/junit/platform/launcher/LauncherDiscoveryRequest;[Lorg/junit/platform/launcher/TestExecutionListener;)V+6
j  org.junit.platform.launcher.core.InterceptingLauncher.lambda$execute$0(Lorg/junit/platform/launcher/LauncherDiscoveryRequest;[Lorg/junit/platform/launcher/TestExecutionListener;)Ljava/lang/Object;+3
j  org.junit.platform.launcher.core.InterceptingLauncher$$Lambda+0x000000012c0d92b0.proceed()Ljava/lang/Object;+12
j  org.junit.platform.launcher.core.ClasspathAlignmentCheckingLauncherInterceptor.intercept(Lorg/junit/platform/launcher/LauncherInterceptor$Invocation;)Ljava/lang/Object;+1
j  org.junit.platform.launcher.core.InterceptingLauncher.execute(Lorg/junit/platform/launcher/LauncherDiscoveryRequest;[Lorg/junit/platform/launcher/TestExecutionListener;)V+12
j  org.junit.platform.launcher.core.DelegatingLauncher.execute(Lorg/junit/platform/launcher/LauncherDiscoveryRequest;[Lorg/junit/platform/launcher/TestExecutionListener;)V+6
j  org.junit.platform.launcher.core.SessionPerRequestLauncher.execute(Lorg/junit/platform/launcher/LauncherDiscoveryRequest;[Lorg/junit/platform/launcher/TestExecutionListener;)V+13
j  com.intellij.junit6.JUnit6IdeaTestRunner.startRunnerWithArgs([Ljava/lang/String;Ljava/lang/String;IZ)I+214
j  com.intellij.rt.junit.IdeaTestRunner$Repeater$1.execute(Z)I+17
j  com.intellij.rt.execution.junit.TestsRepeater.repeat(IZLcom/intellij/rt/execution/junit/TestsRepeater$TestRun;)I+7
j  com.intellij.rt.junit.IdeaTestRunner$Repeater.startRunnerWithArgs(Lcom/intellij/rt/junit/IdeaTestRunner;[Ljava/lang/String;Ljava/util/ArrayList;Ljava/lang/String;IZ)I+25
j  com.intellij.rt.junit.JUnitStarter.prepareStreamsAndStart([Ljava/lang/String;Ljava/lang/String;Ljava/util/ArrayList;Ljava/lang/String;)I+117
j  com.intellij.rt.junit.JUnitStarter.main([Ljava/lang/String;)V+114
v  ~StubRoutines::call_stub 0x000000011eb09fa6

siginfo: si_signo: 11 (SIGSEGV), si_code: 1 (SEGV_MAPERR), si_addr: 0x0000000000000000

Registers:
RAX=0x000000010dcb2508, RBX=0x00007fb420008a00, RCX=0x000000010d476d00, RDX=0x0000000000000000
RSP=0x0000700003034450, RBP=0x0000700003034490, RSI=0x0000000000000000, RDI=0x00007fb420008e28
R8 =0x0000000000008c8b, R9 =0x0000000000000004, R10=0x00007fb41dc00000, R11=0x0000000000000000
R12=0x00007fb420008e28, R13=0x000000016ca5e028, R14=0x0000000000000000, R15=0x0000000000000000
RIP=0x000000010d476dc9, EFLAGS=0x0000000000010246, ERR=0x0000000000000004
  TRAPNO=0x000000000000000e


Register to memory mapping:

RAX=0x000000010dcb2508: _ZN11JvmtiExport25_should_post_field_accessE+0 in /Users/mac/Library/Java/JavaVirtualMachines/openjdk-25-patched/Contents/Home/lib/server/libjvm.dylib at 0x000000010ce00000
RBX=0x00007fb420008a00 is a thread
RCX=0x000000010d476d00: jni_GetStaticObjectField+0 in /Users/mac/Library/Java/JavaVirtualMachines/openjdk-25-patched/Contents/Home/lib/server/libjvm.dylib at 0x000000010ce00000
RDX=0x0 is null
RSP=0x0000700003034450 is pointing into the stack for thread: 0x00007fb420008a00
RBP=0x0000700003034490 is pointing into the stack for thread: 0x00007fb420008a00
RSI=0x0 is null
RDI=0x00007fb420008e28 points into unknown readable memory: 0x000000010dc898e0 | e0 98 c8 0d 01 00 00 00
R8 =0x0000000000008c8b is an unknown value
R9 =0x0000000000000004 is an unknown value
R10=0x00007fb41dc00000 points into unknown readable memory: 0x0000000000000000 | 00 00 00 00 00 00 00 00
R11=0x0 is null
R12=0x00007fb420008e28 points into unknown readable memory: 0x000000010dc898e0 | e0 98 c8 0d 01 00 00 00
R13={method} {0x000000016ca5e028} '_getDefaultOutputAudioDevice' '()Lorg/plovdev/audioengine/devices/AudioDeviceInfo;' in 'org/plovdev/audioengine/devices/AudioDeviceManager'
R14=0x0 is null
R15=0x0 is null

Top of Stack: (sp=0x0000700003034450)
0x0000700003034450:   00007fb420008a00 0000000000000000   ... ............
0x0000700003034460:   0000700003034a78 00007fb420008a00   xJ...p..... ....
0x0000700003034470:   000000016ca5e028 0000000000000000   (..l............
0x0000700003034480:   0000700003034a78 00007fb420008a00   xJ...p..... ....
0x0000700003034490:   00007000030344c0 000000010eacb94f   .D...p..O.......
0x00007000030344a0:   6f757470736c6179 0000000000000000   yalsptuo........
0x00007000030344b0:   0000000000000000 00007fb420008e28   ........(.. ....
0x00007000030344c0:   00007000030344f0 000000010eb55911   .D...p...Y......
0x00007000030344d0:   0000000200000000 0000003000000000   ............0...
0x00007000030344e0:   00007fb420008e28 ff00000000000000   (.. ............
0x00007000030344f0:   0000700003034930 000000010eb56a5f   0I...p.._j......
0x0000700003034500:   0000000000000015 0000000000000015   ................
0x0000700003034510:   0000000000000001 0000000000000001   ................
0x0000700003034520:   00000000ffffffff 00000000ffffffff   ................
0x0000700003034530:   0000000080000000 0000000080000000   ................
0x0000700003034540:   0000000000000001 0000000000000001   ................
0x0000700003034550:   ffffffff00000000 ffffffff00000000   ................
0x0000700003034560:   00000000ffffffff 00000000ffffffff   ................
0x0000700003034570:   00000000fffffff8 0000000000000000   ................
0x0000700003034580:   0000000000000004 0000000000000000   ................
0x0000700003034590:   cafc6bbc64ecb69a 0000000000000000   ...d.k..........
0x00007000030345a0:   06f703ea519da221 0000000000000000   !..Q............
0x00007000030345b0:   daedc0ad1011ab11 0000000000000000   ................
0x00007000030345c0:   47a140b74156435d 0000000000000000   ]CVA.@.G........
0x00007000030345d0:   cafebabecafebabe 0000000000000000   ................
0x00007000030345e0:   0000000000000000 0000000000000000   ................
0x00007000030345f0:   0000000000000000 0000000000000000   ................
0x0000700003034600:   0000000000000000 0000000000000000   ................
0x0000700003034610:   0000000000000000 0000000000000000   ................
0x0000700003034620:   0000000000000000 0000000000000000   ................
0x0000700003034630:   0000000000000000 0000000000000000   ................
0x0000700003034640:   0000000000000003 0000000000000000   ................

Instructions: (pc=0x000000010d476dc9)
  0x000000010d476cc9:   28 48 8d bb 08 04 00 00 e8 7a 21 e5 ff c7 83 b4
  0x000000010d476cd9:   04 00 00 04 00 00 00 4c 89 f0 48 83 c4 58 5b 41
  0x000000010d476ce9:   5c 41 5d 41 5e 41 5f 5d c3 66 66 66 66 66 2e 0f
  0x000000010d476cf9:   1f 84 00 00 00 00 00 55 48 89 e5 41 57 41 56 41
  0x000000010d476d09:   54 53 48 83 ec 20 49 89 d6 49 89 f7 49 89 fc 48
  0x000000010d476d19:   8d 9f d8 fb ff ff b8 53 21 ff ff 03 87 a0 00 00
  0x000000010d476d29:   00 83 f8 01 0f 86 ad 00 00 00 48 8d 05 be 8c 83
  0x000000010d476d39:   00 80 38 00 c7 83 b4 04 00 00 06 00 00 00 0f 84
  0x000000010d476d49:   b5 00 00 00 48 8b 43 28 48 a9 01 00 00 00 0f 85
  0x000000010d476d59:   ba 00 00 00 f7 83 b0 04 00 00 08 00 00 00 74 08
  0x000000010d476d69:   48 89 df e8 7f cd f8 ff c7 83 b4 04 00 00 06 00
  0x000000010d476d79:   00 00 48 89 5d c0 48 c7 45 c8 00 00 00 00 48 83
  0x000000010d476d89:   7b 08 00 74 09 48 8d 7d c0 e8 f9 49 37 00 4c 89
  0x000000010d476d99:   e7 4c 89 fe 4c 89 f2 90 0f 1f 40 00 48 8d 05 5c
  0x000000010d476da9:   b7 83 00 80 38 00 74 18 49 8b 0e 48 89 df 31 f6
  0x000000010d476db9:   31 d2 4d 89 f0 41 b9 01 00 00 00 e8 77 c5 15 00
=>0x000000010d476dc9:   49 8b 06 48 8b 78 70 48 85 ff 74 66 ff 15 d5 d1
  0x000000010d476dd9:   80 00 48 89 c7 eb 5d 48 89 df e8 78 b9 f8 ff 48
  0x000000010d476de9:   8d 05 09 8c 83 00 80 38 00 c7 83 b4 04 00 00 06
  0x000000010d476df9:   00 00 00 0f 85 4b ff ff ff f0 83 04 24 00 48 8b
  0x000000010d476e09:   43 28 48 a9 01 00 00 00 0f 84 46 ff ff ff 48 89
  0x000000010d476e19:   df be 01 00 00 00 31 d2 e8 ba 3e 3c 00 f7 83 b0
  0x000000010d476e29:   04 00 00 08 00 00 00 0f 85 33 ff ff ff e9 36 ff
  0x000000010d476e39:   ff ff 31 ff 49 63 76 10 ff 15 f9 17 81 00 48 89
  0x000000010d476e49:   df 48 89 c6 31 d2 e8 cc 43 03 00 49 89 c6 48 89
  0x000000010d476e59:   c7 90 0f 1f 40 00 48 83 7d c8 00 74 09 48 8d 7d
  0x000000010d476e69:   c0 e8 91 49 37 00 4c 8b bb a8 01 00 00 49 8b 47
  0x000000010d476e79:   10 48 83 38 00 74 0c 4c 89 ff e8 a8 19 f2 ff 49
  0x000000010d476e89:   8b 47 10 49 8b 4f 08 48 89 41 18 49 8b 47 08 49
  0x000000010d476e99:   8b 4f 18 48 89 48 20 49 8b 47 08 49 8b 4f 20 48
  0x000000010d476ea9:   89 48 28 48 8d bb 08 04 00 00 e8 98 1f e5 ff c7
  0x000000010d476eb9:   83 b4 04 00 00 04 00 00 00 4c 89 f0 48 83 c4 20


Stack slot to memory mapping:

stack at sp + 0 slots: 0x00007fb420008a00 is a thread
stack at sp + 1 slots: 0x0 is null
stack at sp + 2 slots: 0x0000700003034a78 is pointing into the stack for thread: 0x00007fb420008a00
stack at sp + 3 slots: 0x00007fb420008a00 is a thread
stack at sp + 4 slots: {method} {0x000000016ca5e028} '_getDefaultOutputAudioDevice' '()Lorg/plovdev/audioengine/devices/AudioDeviceInfo;' in 'org/plovdev/audioengine/devices/AudioDeviceManager'
stack at sp + 5 slots: 0x0 is null
stack at sp + 6 slots: 0x0000700003034a78 is pointing into the stack for thread: 0x00007fb420008a00
stack at sp + 7 slots: 0x00007fb420008a00 is a thread

Lock stack of current Java thread (top to bottom):


---------------  P R O C E S S  ---------------

Threads class SMR info:
_java_thread_list=0x00007fb41dfe7ba0, length=13, elements={
0x00007fb420008a00, 0x00007fb41f811e00, 0x00007fb41e839e00, 0x00007fb41e040400,
0x00007fb41e031600, 0x00007fb41e031e00, 0x00007fb41e032600, 0x00007fb41e033000,
0x00007fb41f867c00, 0x00007fb41e043e00, 0x00007fb41f882800, 0x00007fb41f883000,
0x00007fb420415600
}

Java Threads: ( => current thread )
=>0x00007fb420008a00 JavaThread "main"                              [_thread_in_vm, id=9731, stack(0x0000700002f38000,0x0000700003038000) (1024K)]
  0x00007fb41f811e00 JavaThread "Reference Handler"          daemon [_thread_blocked, id=40963, stack(0x0000700003856000,0x0000700003956000) (1024K)]
  0x00007fb41e839e00 JavaThread "Finalizer"                  daemon [_thread_blocked, id=40451, stack(0x0000700003959000,0x0000700003a59000) (1024K)]
  0x00007fb41e040400 JavaThread "Signal Dispatcher"          daemon [_thread_blocked, id=25091, stack(0x0000700003a5c000,0x0000700003b5c000) (1024K)]
  0x00007fb41e031600 JavaThread "Service Thread"             daemon [_thread_blocked, id=25347, stack(0x0000700003b5f000,0x0000700003c5f000) (1024K)]
  0x00007fb41e031e00 JavaThread "Monitor Deflation Thread"   daemon [_thread_blocked, id=25859, stack(0x0000700003c62000,0x0000700003d62000) (1024K)]
  0x00007fb41e032600 JavaThread "C2 CompilerThread0"         daemon [_thread_blocked, id=26115, stack(0x0000700003d65000,0x0000700003e65000) (1024K)]
  0x00007fb41e033000 JavaThread "C1 CompilerThread0"         daemon [_thread_blocked, id=39683, stack(0x0000700003e68000,0x0000700003f68000) (1024K)]
  0x00007fb41f867c00 JavaThread "Common-Cleaner"             daemon [_thread_blocked, id=39427, stack(0x0000700003f6b000,0x000070000406b000) (1024K)]
  0x00007fb41e043e00 JavaThread "IntelliJ Suspend Helper"    daemon [_thread_blocked, id=39171, stack(0x000070000406e000,0x000070000416e000) (1024K)]
  0x00007fb41f882800 JavaThread "Monitor Ctrl-Break"         daemon [_thread_in_native, id=27139, stack(0x0000700004171000,0x0000700004271000) (1024K)]
  0x00007fb41f883000 JavaThread "Notification Thread"        daemon [_thread_blocked, id=27395, stack(0x0000700004274000,0x0000700004374000) (1024K)]
  0x00007fb420415600 JavaThread "Timer-0"                    daemon [_thread_blocked, id=27907, stack(0x000070000457d000,0x000070000467d000) (1024K)]
Total: 13

Other Threads:
  0x00007fb41e809000 VMThread "VM Thread"                           [id=14083, stack(0x000070000364d000,0x000070000374d000) (1024K)]
  0x00007fb41df15c80 WatcherThread "VM Periodic Task Thread"        [id=17415, stack(0x000070000354a000,0x000070000364a000) (1024K)]
  0x00007fb42002aa00 WorkerThread "GC Thread#0"                     [id=19715, stack(0x000070000303b000,0x000070000313b000) (1024K)]
  0x00007fb42025ae00 WorkerThread "GC Thread#1"                     [id=38403, stack(0x0000700004377000,0x0000700004477000) (1024K)]
  0x00007fb420260400 WorkerThread "GC Thread#2"                     [id=37891, stack(0x000070000447a000,0x000070000457a000) (1024K)]
  0x00007fb41e028c00 ConcurrentGCThread "G1 Main Marker"            [id=19203, stack(0x000070000313e000,0x000070000323e000) (1024K)]
  0x00007fb41e029200 WorkerThread "G1 Conc#0"                       [id=18435, stack(0x0000700003241000,0x0000700003341000) (1024K)]
  0x00007fb41e832200 ConcurrentGCThread "G1 Refine#0"               [id=17923, stack(0x0000700003344000,0x0000700003444000) (1024K)]
  0x00007fb41e029800 ConcurrentGCThread "G1 Service"                [id=12803, stack(0x0000700003447000,0x0000700003547000) (1024K)]
Total: 9

Threads with active compile tasks:
Total: 0

VM state: not at safepoint (normal execution)

VM Mutex/Monitor currently owned by a thread: None

Heap address: 0x0000000780000000, size: 2048 MB, Compressed Oops mode: Zero based, Oop shift amount: 3

CDS archive(s) mapped at: [0x000000012b000000-0x000000012bd94000-0x000000012bd94000), size 14237696, SharedBaseAddress: 0x000000012b000000, ArchiveRelocationMode: 1.
Compressed class space mapped at: 0x000000012c000000-0x000000016c000000, reserved size: 1073741824
UseCompressedClassPointers 1, UseCompactObjectHeaders 0
Narrow klass pointer bits 32, Max shift 3
Narrow klass base: 0x000000012b000000, Narrow klass shift: 0
Encoding Range: [0x000000012b000000 - 0x000000022b000000), (4294967296 bytes)
Klass Range:    [0x000000012b004000 - 0x000000016c000000), (1090502656 bytes)
Klass ID Range:  [16384 - 1090519033) (1090502649)
Protection zone: [0x000000012b000000 - 0x000000012b004000), (16384 bytes)

GC Precious Log:
 CardTable entry size: 512
 Card Set container configuration: InlinePtr #cards 5 size 8 Array Of Cards #cards 10 size 36 Howl #buckets 4 coarsen threshold 1843 Howl Bitmap #cards 512 size 80 coarsen threshold 460 Card regions per heap region 1 cards per card region 2048
 CPUs: 4 total, 4 available
 Memory: 8192M
 Large Page Support: Disabled
 NUMA Support: Disabled
 Compressed Oops: Enabled (Zero based)
 Heap Region Size: 1M
 Heap Min Capacity: 8M
 Heap Initial Capacity: 128M
 Heap Max Capacity: 2G
 Pre-touch: Disabled
 Parallel Workers: 4
 Concurrent Workers: 1
 Concurrent Refinement Workers: 4
 Periodic GC: Disabled

Heap:
 garbage-first heap   total reserved 2097152K, committed 133120K, used 41443K [0x0000000780000000, 0x0000000800000000)
  region size 1024K, 41 young (41984K), 3 survivors (3072K)

Heap Regions: E=young(eden), S=young(survivor), O=old, HS=humongous(starts), HC=humongous(continues), CS=collection set, F=free, TAMS=top-at-mark-start, PB=parsable bottom
|   0|0x0000000780000000, 0x0000000780000000, 0x0000000780100000|  0%| F|  |TAMS 0x0000000780000000| PB 0x0000000780000000| Untracked |  0
|   1|0x0000000780100000, 0x0000000780100000, 0x0000000780200000|  0%| F|  |TAMS 0x0000000780100000| PB 0x0000000780100000| Untracked |  0
|   2|0x0000000780200000, 0x0000000780200000, 0x0000000780300000|  0%| F|  |TAMS 0x0000000780200000| PB 0x0000000780200000| Untracked |  0
|   3|0x0000000780300000, 0x0000000780300000, 0x0000000780400000|  0%| F|  |TAMS 0x0000000780300000| PB 0x0000000780300000| Untracked |  0
|   4|0x0000000780400000, 0x0000000780400000, 0x0000000780500000|  0%| F|  |TAMS 0x0000000780400000| PB 0x0000000780400000| Untracked |  0
|   5|0x0000000780500000, 0x0000000780500000, 0x0000000780600000|  0%| F|  |TAMS 0x0000000780500000| PB 0x0000000780500000| Untracked |  0
|   6|0x0000000780600000, 0x0000000780600000, 0x0000000780700000|  0%| F|  |TAMS 0x0000000780600000| PB 0x0000000780600000| Untracked |  0
|   7|0x0000000780700000, 0x0000000780700000, 0x0000000780800000|  0%| F|  |TAMS 0x0000000780700000| PB 0x0000000780700000| Untracked |  0
|   8|0x0000000780800000, 0x0000000780800000, 0x0000000780900000|  0%| F|  |TAMS 0x0000000780800000| PB 0x0000000780800000| Untracked |  0
|   9|0x0000000780900000, 0x0000000780900000, 0x0000000780a00000|  0%| F|  |TAMS 0x0000000780900000| PB 0x0000000780900000| Untracked |  0
|  10|0x0000000780a00000, 0x0000000780a00000, 0x0000000780b00000|  0%| F|  |TAMS 0x0000000780a00000| PB 0x0000000780a00000| Untracked |  0
|  11|0x0000000780b00000, 0x0000000780b00000, 0x0000000780c00000|  0%| F|  |TAMS 0x0000000780b00000| PB 0x0000000780b00000| Untracked |  0
|  12|0x0000000780c00000, 0x0000000780c00000, 0x0000000780d00000|  0%| F|  |TAMS 0x0000000780c00000| PB 0x0000000780c00000| Untracked |  0
|  13|0x0000000780d00000, 0x0000000780d00000, 0x0000000780e00000|  0%| F|  |TAMS 0x0000000780d00000| PB 0x0000000780d00000| Untracked |  0
|  14|0x0000000780e00000, 0x0000000780e00000, 0x0000000780f00000|  0%| F|  |TAMS 0x0000000780e00000| PB 0x0000000780e00000| Untracked |  0
|  15|0x0000000780f00000, 0x0000000780f00000, 0x0000000781000000|  0%| F|  |TAMS 0x0000000780f00000| PB 0x0000000780f00000| Untracked |  0
|  16|0x0000000781000000, 0x0000000781000000, 0x0000000781100000|  0%| F|  |TAMS 0x0000000781000000| PB 0x0000000781000000| Untracked |  0
|  17|0x0000000781100000, 0x0000000781100000, 0x0000000781200000|  0%| F|  |TAMS 0x0000000781100000| PB 0x0000000781100000| Untracked |  0
|  18|0x0000000781200000, 0x0000000781200000, 0x0000000781300000|  0%| F|  |TAMS 0x0000000781200000| PB 0x0000000781200000| Untracked |  0
|  19|0x0000000781300000, 0x0000000781300000, 0x0000000781400000|  0%| F|  |TAMS 0x0000000781300000| PB 0x0000000781300000| Untracked |  0
|  20|0x0000000781400000, 0x0000000781400000, 0x0000000781500000|  0%| F|  |TAMS 0x0000000781400000| PB 0x0000000781400000| Untracked |  0
|  21|0x0000000781500000, 0x0000000781500000, 0x0000000781600000|  0%| F|  |TAMS 0x0000000781500000| PB 0x0000000781500000| Untracked |  0
|  22|0x0000000781600000, 0x0000000781600000, 0x0000000781700000|  0%| F|  |TAMS 0x0000000781600000| PB 0x0000000781600000| Untracked |  0
|  23|0x0000000781700000, 0x0000000781700000, 0x0000000781800000|  0%| F|  |TAMS 0x0000000781700000| PB 0x0000000781700000| Untracked |  0
|  24|0x0000000781800000, 0x0000000781800000, 0x0000000781900000|  0%| F|  |TAMS 0x0000000781800000| PB 0x0000000781800000| Untracked |  0
|  25|0x0000000781900000, 0x0000000781900000, 0x0000000781a00000|  0%| F|  |TAMS 0x0000000781900000| PB 0x0000000781900000| Untracked |  0
|  26|0x0000000781a00000, 0x0000000781a00000, 0x0000000781b00000|  0%| F|  |TAMS 0x0000000781a00000| PB 0x0000000781a00000| Untracked |  0
|  27|0x0000000781b00000, 0x0000000781b00000, 0x0000000781c00000|  0%| F|  |TAMS 0x0000000781b00000| PB 0x0000000781b00000| Untracked |  0
|  28|0x0000000781c00000, 0x0000000781c00000, 0x0000000781d00000|  0%| F|  |TAMS 0x0000000781c00000| PB 0x0000000781c00000| Untracked |  0
|  29|0x0000000781d00000, 0x0000000781d00000, 0x0000000781e00000|  0%| F|  |TAMS 0x0000000781d00000| PB 0x0000000781d00000| Untracked |  0
|  30|0x0000000781e00000, 0x0000000781e00000, 0x0000000781f00000|  0%| F|  |TAMS 0x0000000781e00000| PB 0x0000000781e00000| Untracked |  0
|  31|0x0000000781f00000, 0x0000000781f00000, 0x0000000782000000|  0%| F|  |TAMS 0x0000000781f00000| PB 0x0000000781f00000| Untracked |  0
|  32|0x0000000782000000, 0x0000000782000000, 0x0000000782100000|  0%| F|  |TAMS 0x0000000782000000| PB 0x0000000782000000| Untracked |  0
|  33|0x0000000782100000, 0x0000000782100000, 0x0000000782200000|  0%| F|  |TAMS 0x0000000782100000| PB 0x0000000782100000| Untracked |  0
|  34|0x0000000782200000, 0x0000000782200000, 0x0000000782300000|  0%| F|  |TAMS 0x0000000782200000| PB 0x0000000782200000| Untracked |  0
|  35|0x0000000782300000, 0x0000000782300000, 0x0000000782400000|  0%| F|  |TAMS 0x0000000782300000| PB 0x0000000782300000| Untracked |  0
|  36|0x0000000782400000, 0x0000000782400000, 0x0000000782500000|  0%| F|  |TAMS 0x0000000782400000| PB 0x0000000782400000| Untracked |  0
|  37|0x0000000782500000, 0x0000000782500000, 0x0000000782600000|  0%| F|  |TAMS 0x0000000782500000| PB 0x0000000782500000| Untracked |  0
|  38|0x0000000782600000, 0x0000000782600000, 0x0000000782700000|  0%| F|  |TAMS 0x0000000782600000| PB 0x0000000782600000| Untracked |  0
|  39|0x0000000782700000, 0x0000000782700000, 0x0000000782800000|  0%| F|  |TAMS 0x0000000782700000| PB 0x0000000782700000| Untracked |  0
|  40|0x0000000782800000, 0x0000000782800000, 0x0000000782900000|  0%| F|  |TAMS 0x0000000782800000| PB 0x0000000782800000| Untracked |  0
|  41|0x0000000782900000, 0x0000000782900000, 0x0000000782a00000|  0%| F|  |TAMS 0x0000000782900000| PB 0x0000000782900000| Untracked |  0
|  42|0x0000000782a00000, 0x0000000782a00000, 0x0000000782b00000|  0%| F|  |TAMS 0x0000000782a00000| PB 0x0000000782a00000| Untracked |  0
|  43|0x0000000782b00000, 0x0000000782b00000, 0x0000000782c00000|  0%| F|  |TAMS 0x0000000782b00000| PB 0x0000000782b00000| Untracked |  0
|  44|0x0000000782c00000, 0x0000000782c00000, 0x0000000782d00000|  0%| F|  |TAMS 0x0000000782c00000| PB 0x0000000782c00000| Untracked |  0
|  45|0x0000000782d00000, 0x0000000782d00000, 0x0000000782e00000|  0%| F|  |TAMS 0x0000000782d00000| PB 0x0000000782d00000| Untracked |  0
|  46|0x0000000782e00000, 0x0000000782e00000, 0x0000000782f00000|  0%| F|  |TAMS 0x0000000782e00000| PB 0x0000000782e00000| Untracked |  0
|  47|0x0000000782f00000, 0x0000000782f00000, 0x0000000783000000|  0%| F|  |TAMS 0x0000000782f00000| PB 0x0000000782f00000| Untracked |  0
|  48|0x0000000783000000, 0x0000000783000000, 0x0000000783100000|  0%| F|  |TAMS 0x0000000783000000| PB 0x0000000783000000| Untracked |  0
|  49|0x0000000783100000, 0x0000000783100000, 0x0000000783200000|  0%| F|  |TAMS 0x0000000783100000| PB 0x0000000783100000| Untracked |  0
|  50|0x0000000783200000, 0x0000000783200000, 0x0000000783300000|  0%| F|  |TAMS 0x0000000783200000| PB 0x0000000783200000| Untracked |  0
|  51|0x0000000783300000, 0x0000000783300000, 0x0000000783400000|  0%| F|  |TAMS 0x0000000783300000| PB 0x0000000783300000| Untracked |  0
|  52|0x0000000783400000, 0x0000000783400000, 0x0000000783500000|  0%| F|  |TAMS 0x0000000783400000| PB 0x0000000783400000| Untracked |  0
|  53|0x0000000783500000, 0x0000000783500000, 0x0000000783600000|  0%| F|  |TAMS 0x0000000783500000| PB 0x0000000783500000| Untracked |  0
|  54|0x0000000783600000, 0x0000000783600000, 0x0000000783700000|  0%| F|  |TAMS 0x0000000783600000| PB 0x0000000783600000| Untracked |  0
|  55|0x0000000783700000, 0x0000000783700000, 0x0000000783800000|  0%| F|  |TAMS 0x0000000783700000| PB 0x0000000783700000| Untracked |  0
|  56|0x0000000783800000, 0x0000000783800000, 0x0000000783900000|  0%| F|  |TAMS 0x0000000783800000| PB 0x0000000783800000| Untracked |  0
|  57|0x0000000783900000, 0x0000000783900000, 0x0000000783a00000|  0%| F|  |TAMS 0x0000000783900000| PB 0x0000000783900000| Untracked |  0
|  58|0x0000000783a00000, 0x0000000783a00000, 0x0000000783b00000|  0%| F|  |TAMS 0x0000000783a00000| PB 0x0000000783a00000| Untracked |  0
|  59|0x0000000783b00000, 0x0000000783b00000, 0x0000000783c00000|  0%| F|  |TAMS 0x0000000783b00000| PB 0x0000000783b00000| Untracked |  0
|  60|0x0000000783c00000, 0x0000000783c00000, 0x0000000783d00000|  0%| F|  |TAMS 0x0000000783c00000| PB 0x0000000783c00000| Untracked |  0
|  61|0x0000000783d00000, 0x0000000783d00000, 0x0000000783e00000|  0%| F|  |TAMS 0x0000000783d00000| PB 0x0000000783d00000| Untracked |  0
|  62|0x0000000783e00000, 0x0000000783e00000, 0x0000000783f00000|  0%| F|  |TAMS 0x0000000783e00000| PB 0x0000000783e00000| Untracked |  0
|  63|0x0000000783f00000, 0x0000000783f00000, 0x0000000784000000|  0%| F|  |TAMS 0x0000000783f00000| PB 0x0000000783f00000| Untracked |  0
|  64|0x0000000784000000, 0x0000000784000000, 0x0000000784100000|  0%| F|  |TAMS 0x0000000784000000| PB 0x0000000784000000| Untracked |  0
|  65|0x0000000784100000, 0x0000000784100000, 0x0000000784200000|  0%| F|  |TAMS 0x0000000784100000| PB 0x0000000784100000| Untracked |  0
|  66|0x0000000784200000, 0x0000000784200000, 0x0000000784300000|  0%| F|  |TAMS 0x0000000784200000| PB 0x0000000784200000| Untracked |  0
|  67|0x0000000784300000, 0x0000000784300000, 0x0000000784400000|  0%| F|  |TAMS 0x0000000784300000| PB 0x0000000784300000| Untracked |  0
|  68|0x0000000784400000, 0x0000000784400000, 0x0000000784500000|  0%| F|  |TAMS 0x0000000784400000| PB 0x0000000784400000| Untracked |  0
|  69|0x0000000784500000, 0x0000000784500000, 0x0000000784600000|  0%| F|  |TAMS 0x0000000784500000| PB 0x0000000784500000| Untracked |  0
|  70|0x0000000784600000, 0x0000000784600000, 0x0000000784700000|  0%| F|  |TAMS 0x0000000784600000| PB 0x0000000784600000| Untracked |  0
|  71|0x0000000784700000, 0x0000000784700000, 0x0000000784800000|  0%| F|  |TAMS 0x0000000784700000| PB 0x0000000784700000| Untracked |  0
|  72|0x0000000784800000, 0x0000000784800000, 0x0000000784900000|  0%| F|  |TAMS 0x0000000784800000| PB 0x0000000784800000| Untracked |  0
|  73|0x0000000784900000, 0x0000000784900000, 0x0000000784a00000|  0%| F|  |TAMS 0x0000000784900000| PB 0x0000000784900000| Untracked |  0
|  74|0x0000000784a00000, 0x0000000784a00000, 0x0000000784b00000|  0%| F|  |TAMS 0x0000000784a00000| PB 0x0000000784a00000| Untracked |  0
|  75|0x0000000784b00000, 0x0000000784b00000, 0x0000000784c00000|  0%| F|  |TAMS 0x0000000784b00000| PB 0x0000000784b00000| Untracked |  0
|  76|0x0000000784c00000, 0x0000000784c00000, 0x0000000784d00000|  0%| F|  |TAMS 0x0000000784c00000| PB 0x0000000784c00000| Untracked |  0
|  77|0x0000000784d00000, 0x0000000784d00000, 0x0000000784e00000|  0%| F|  |TAMS 0x0000000784d00000| PB 0x0000000784d00000| Untracked |  0
|  78|0x0000000784e00000, 0x0000000784e00000, 0x0000000784f00000|  0%| F|  |TAMS 0x0000000784e00000| PB 0x0000000784e00000| Untracked |  0
|  79|0x0000000784f00000, 0x0000000784f00000, 0x0000000785000000|  0%| F|  |TAMS 0x0000000784f00000| PB 0x0000000784f00000| Untracked |  0
|  80|0x0000000785000000, 0x0000000785000000, 0x0000000785100000|  0%| F|  |TAMS 0x0000000785000000| PB 0x0000000785000000| Untracked |  0
|  81|0x0000000785100000, 0x0000000785100000, 0x0000000785200000|  0%| F|  |TAMS 0x0000000785100000| PB 0x0000000785100000| Untracked |  0
|  82|0x0000000785200000, 0x0000000785200000, 0x0000000785300000|  0%| F|  |TAMS 0x0000000785200000| PB 0x0000000785200000| Untracked |  0
|  83|0x0000000785300000, 0x0000000785300000, 0x0000000785400000|  0%| F|  |TAMS 0x0000000785300000| PB 0x0000000785300000| Untracked |  0
|  84|0x0000000785400000, 0x0000000785400000, 0x0000000785500000|  0%| F|  |TAMS 0x0000000785400000| PB 0x0000000785400000| Untracked |  0
|  85|0x0000000785500000, 0x0000000785500000, 0x0000000785600000|  0%| F|  |TAMS 0x0000000785500000| PB 0x0000000785500000| Untracked |  0
|  86|0x0000000785600000, 0x0000000785600000, 0x0000000785700000|  0%| F|  |TAMS 0x0000000785600000| PB 0x0000000785600000| Untracked |  0
|  87|0x0000000785700000, 0x0000000785772120, 0x0000000785800000| 44%| E|  |TAMS 0x0000000785700000| PB 0x0000000785700000| Complete |  0
|  88|0x0000000785800000, 0x0000000785900000, 0x0000000785900000|100%| E|CS|TAMS 0x0000000785800000| PB 0x0000000785800000| Complete |  0
|  89|0x0000000785900000, 0x0000000785a00000, 0x0000000785a00000|100%| E|CS|TAMS 0x0000000785900000| PB 0x0000000785900000| Complete |  0
|  90|0x0000000785a00000, 0x0000000785b00000, 0x0000000785b00000|100%| E|CS|TAMS 0x0000000785a00000| PB 0x0000000785a00000| Complete |  0
|  91|0x0000000785b00000, 0x0000000785c00000, 0x0000000785c00000|100%| E|CS|TAMS 0x0000000785b00000| PB 0x0000000785b00000| Complete |  0
|  92|0x0000000785c00000, 0x0000000785d00000, 0x0000000785d00000|100%| E|CS|TAMS 0x0000000785c00000| PB 0x0000000785c00000| Complete |  0
|  93|0x0000000785d00000, 0x0000000785e00000, 0x0000000785e00000|100%| E|CS|TAMS 0x0000000785d00000| PB 0x0000000785d00000| Complete |  0
|  94|0x0000000785e00000, 0x0000000785f00000, 0x0000000785f00000|100%| E|CS|TAMS 0x0000000785e00000| PB 0x0000000785e00000| Complete |  0
|  95|0x0000000785f00000, 0x0000000786000000, 0x0000000786000000|100%| E|CS|TAMS 0x0000000785f00000| PB 0x0000000785f00000| Complete |  0
|  96|0x0000000786000000, 0x0000000786100000, 0x0000000786100000|100%| E|CS|TAMS 0x0000000786000000| PB 0x0000000786000000| Complete |  0
|  97|0x0000000786100000, 0x0000000786159550, 0x0000000786200000| 34%| S|CS|TAMS 0x0000000786100000| PB 0x0000000786100000| Complete |  0
|  98|0x0000000786200000, 0x0000000786300000, 0x0000000786300000|100%| S|CS|TAMS 0x0000000786200000| PB 0x0000000786200000| Complete |  0
|  99|0x0000000786300000, 0x0000000786400000, 0x0000000786400000|100%| S|CS|TAMS 0x0000000786300000| PB 0x0000000786300000| Complete |  0
| 100|0x0000000786400000, 0x0000000786500000, 0x0000000786500000|100%| E|CS|TAMS 0x0000000786400000| PB 0x0000000786400000| Complete |  0
| 101|0x0000000786500000, 0x0000000786600000, 0x0000000786600000|100%| E|CS|TAMS 0x0000000786500000| PB 0x0000000786500000| Complete |  0
| 102|0x0000000786600000, 0x0000000786700000, 0x0000000786700000|100%| E|CS|TAMS 0x0000000786600000| PB 0x0000000786600000| Complete |  0
| 103|0x0000000786700000, 0x0000000786800000, 0x0000000786800000|100%| E|CS|TAMS 0x0000000786700000| PB 0x0000000786700000| Complete |  0
| 104|0x0000000786800000, 0x0000000786900000, 0x0000000786900000|100%| E|CS|TAMS 0x0000000786800000| PB 0x0000000786800000| Complete |  0
| 105|0x0000000786900000, 0x0000000786a00000, 0x0000000786a00000|100%| E|CS|TAMS 0x0000000786900000| PB 0x0000000786900000| Complete |  0
| 106|0x0000000786a00000, 0x0000000786b00000, 0x0000000786b00000|100%| E|CS|TAMS 0x0000000786a00000| PB 0x0000000786a00000| Complete |  0
| 107|0x0000000786b00000, 0x0000000786c00000, 0x0000000786c00000|100%| E|CS|TAMS 0x0000000786b00000| PB 0x0000000786b00000| Complete |  0
| 108|0x0000000786c00000, 0x0000000786d00000, 0x0000000786d00000|100%| E|CS|TAMS 0x0000000786c00000| PB 0x0000000786c00000| Complete |  0
| 109|0x0000000786d00000, 0x0000000786e00000, 0x0000000786e00000|100%| E|CS|TAMS 0x0000000786d00000| PB 0x0000000786d00000| Complete |  0
| 110|0x0000000786e00000, 0x0000000786f00000, 0x0000000786f00000|100%| E|CS|TAMS 0x0000000786e00000| PB 0x0000000786e00000| Complete |  0
| 111|0x0000000786f00000, 0x0000000787000000, 0x0000000787000000|100%| E|CS|TAMS 0x0000000786f00000| PB 0x0000000786f00000| Complete |  0
| 112|0x0000000787000000, 0x0000000787100000, 0x0000000787100000|100%| E|CS|TAMS 0x0000000787000000| PB 0x0000000787000000| Complete |  0
| 113|0x0000000787100000, 0x0000000787200000, 0x0000000787200000|100%| E|CS|TAMS 0x0000000787100000| PB 0x0000000787100000| Complete |  0
| 114|0x0000000787200000, 0x0000000787300000, 0x0000000787300000|100%| E|CS|TAMS 0x0000000787200000| PB 0x0000000787200000| Complete |  0
| 115|0x0000000787300000, 0x0000000787400000, 0x0000000787400000|100%| E|CS|TAMS 0x0000000787300000| PB 0x0000000787300000| Complete |  0
| 116|0x0000000787400000, 0x0000000787500000, 0x0000000787500000|100%| E|CS|TAMS 0x0000000787400000| PB 0x0000000787400000| Complete |  0
| 117|0x0000000787500000, 0x0000000787600000, 0x0000000787600000|100%| E|CS|TAMS 0x0000000787500000| PB 0x0000000787500000| Complete |  0
| 118|0x0000000787600000, 0x0000000787700000, 0x0000000787700000|100%| E|CS|TAMS 0x0000000787600000| PB 0x0000000787600000| Complete |  0
| 119|0x0000000787700000, 0x0000000787800000, 0x0000000787800000|100%| E|CS|TAMS 0x0000000787700000| PB 0x0000000787700000| Complete |  0
| 120|0x0000000787800000, 0x0000000787900000, 0x0000000787900000|100%| E|CS|TAMS 0x0000000787800000| PB 0x0000000787800000| Complete |  0
| 121|0x0000000787900000, 0x0000000787a00000, 0x0000000787a00000|100%| E|CS|TAMS 0x0000000787900000| PB 0x0000000787900000| Complete |  0
| 122|0x0000000787a00000, 0x0000000787b00000, 0x0000000787b00000|100%| E|CS|TAMS 0x0000000787a00000| PB 0x0000000787a00000| Complete |  0
| 123|0x0000000787b00000, 0x0000000787c00000, 0x0000000787c00000|100%| E|CS|TAMS 0x0000000787b00000| PB 0x0000000787b00000| Complete |  0
| 124|0x0000000787c00000, 0x0000000787d00000, 0x0000000787d00000|100%| E|CS|TAMS 0x0000000787c00000| PB 0x0000000787c00000| Complete |  0
| 125|0x0000000787d00000, 0x0000000787e00000, 0x0000000787e00000|100%| E|CS|TAMS 0x0000000787d00000| PB 0x0000000787d00000| Complete |  0
| 126|0x0000000787e00000, 0x0000000787f00000, 0x0000000787f00000|100%| E|CS|TAMS 0x0000000787e00000| PB 0x0000000787e00000| Complete |  0
| 127|0x0000000787f00000, 0x0000000788000000, 0x0000000788000000|100%| E|CS|TAMS 0x0000000787f00000| PB 0x0000000787f00000| Complete |  0
|2046|0x00000007ffe00000, 0x00000007fff00000, 0x00000007fff00000|100%| O|  |TAMS 0x00000007ffe00000| PB 0x00000007ffe00000| Untracked |  0
|2047|0x00000007fff00000, 0x00000007fff1f8b0, 0x0000000800000000| 12%| O|  |TAMS 0x00000007fff00000| PB 0x00000007fff00000| Untracked |  0

Card table byte_map: [0x000000010e672000,0x000000010ea72000] _byte_map_base: 0x000000010aa72000

Marking Bits: (CMBitMap*) 0x00007fb41e00e010
 Bits: [0x00000001265d2000, 0x00000001285d2000)

Polling page: 0x000000010c419000

Metaspace:
Metaspace        used 18156K, committed 18368K, reserved 1114112K
 class space     used 2346K, committed 2432K, reserved 1048576K

Usage:
  Non-class:     15.44 MB used.
      Class:      2.29 MB used.
       Both:     17.73 MB used.

Virtual space:
  Non-class space:       64.00 MB reserved,      15.56 MB ( 24%) committed,  1 nodes.
      Class space:        1.00 GB reserved,       2.38 MB ( <1%) committed,  1 nodes.
             Both:        1.06 GB reserved,      17.94 MB (  2%) committed. 

Chunk freelists:
   Non-Class:  0 bytes
       Class:  13.59 MB
        Both:  13.59 MB

MaxMetaspaceSize: unlimited
CompressedClassSpaceSize: 1.00 GB
Initial GC threshold: 21.00 MB
Current GC threshold: 21.00 MB
CDS: on
 - commit_granule_bytes: 65536.
 - commit_granule_words: 8192.
 - virtual_space_node_default_size: 8388608.
 - enlarge_chunks_in_place: 1.
UseCompressedClassPointers 1, UseCompactObjectHeaders 0
Narrow klass pointer bits 32, Max shift 3
Narrow klass base: 0x000000012b000000, Narrow klass shift: 0
Encoding Range: [0x000000012b000000 - 0x000000022b000000), (4294967296 bytes)
Klass Range:    [0x000000012b004000 - 0x000000016c000000), (1090502656 bytes)
Klass ID Range:  [16384 - 1090519033) (1090502649)
Protection zone: [0x000000012b000000 - 0x000000012b004000), (16384 bytes)


Internal statistics:

num_allocs_failed_limit: 0.
num_arena_births: 196.
num_arena_deaths: 0.
num_vsnodes_births: 2.
num_vsnodes_deaths: 0.
num_space_committed: 287.
num_space_uncommitted: 0.
num_chunks_returned_to_freelist: 0.
num_chunks_taken_from_freelist: 515.
num_chunk_merges: 0.
num_chunk_splits: 313.
num_chunks_enlarged: 220.
num_inconsistent_stats: 0.

CodeHeap 'non-profiled nmethods': size=120036Kb used=699Kb max_used=699Kb free=119336Kb
 bounds [0x000000011f099000, 0x000000011f309000, 0x00000001265d2000]
CodeHeap 'profiled nmethods': size=120028Kb used=3437Kb max_used=3437Kb free=116590Kb
 bounds [0x00000001175d2000, 0x0000000117932000, 0x000000011eb09000]
CodeHeap 'non-nmethods': size=5696Kb used=1470Kb max_used=1588Kb free=4226Kb
 bounds [0x000000011eb09000, 0x000000011ed79000, 0x000000011f099000]
CodeCache: size=245760Kb, used=5606Kb, max_used=5724Kb, free=240152Kb
 total_blobs=2757, nmethods=2226, adapters=435, full_count=0
Compilation: enabled, stopped_count=0, restarted_count=0

Compilation events (20 events):
Event: 3.851 Thread 0x00007fb41e032600 2226       4       java.util.regex.Pattern$Start::match (90 bytes)
Event: 3.853 Thread 0x00007fb41e033000 nmethod 2221 0x0000000117928e88 code [0x0000000117928f80, 0x000000011792a820]
Event: 3.853 Thread 0x00007fb41e033000 2222       3       java.util.stream.DistinctOps$1$2::accept (24 bytes)
Event: 3.853 Thread 0x00007fb41e033000 nmethod 2222 0x000000011792a888 code [0x000000011792a980, 0x000000011792ac60]
Event: 3.853 Thread 0x00007fb41e033000 2184       3       java.util.Locale$LocaleCache::apply (43 bytes)
Event: 3.853 Thread 0x00007fb41e033000 nmethod 2184 0x000000011792ac88 code [0x000000011792ad80, 0x000000011792b558]
Event: 3.853 Thread 0x00007fb41e033000 2192       3       java.lang.String::<init> (10 bytes)
Event: 3.854 Thread 0x00007fb41e033000 nmethod 2192 0x000000011792b588 code [0x000000011792b680, 0x000000011792b7d0]
Event: 3.854 Thread 0x00007fb41e033000 2202       3       sun.util.locale.LanguageTag::isExtlang (21 bytes)
Event: 3.855 Thread 0x00007fb41e033000 nmethod 2202 0x000000011792b888 code [0x000000011792b980, 0x000000011792c678]
Event: 3.855 Thread 0x00007fb41e033000 2201       3       sun.util.locale.LanguageTag::isScript (21 bytes)
Event: 3.856 Thread 0x00007fb41e033000 nmethod 2201 0x000000011792c688 code [0x000000011792c780, 0x000000011792d478]
Event: 3.856 Thread 0x00007fb41e033000 2225       1       java.util.Collections$EmptyIterator::hasNext (2 bytes)
Event: 3.857 Thread 0x00007fb41e033000 nmethod 2225 0x000000011f146508 code [0x000000011f146600, 0x000000011f1466c0]
Event: 3.858 Thread 0x00007fb41e033000 2228       3       java.lang.StringBuilder::append (8 bytes)
Event: 3.858 Thread 0x00007fb41e033000 nmethod 2228 0x000000011792d488 code [0x000000011792d580, 0x000000011792d6c8]
Event: 3.861 Thread 0x00007fb41e032600 nmethod 2226 0x000000011f146808 code [0x000000011f146900, 0x000000011f146fe0]
Event: 3.861 Thread 0x00007fb41e032600 2227       4       java.util.ArrayList::add (25 bytes)
Event: 3.861 Thread 0x00007fb41e033000 2229       1       ch.qos.logback.core.pattern.Converter::getNext (5 bytes)
Event: 3.861 Thread 0x00007fb41e033000 nmethod 2229 0x000000011f147008 code [0x000000011f147100, 0x000000011f1471c0]

GC Heap Usage History (2 events):
Event: 1.459 {heap Before GC invocations=0 (full 0):
 garbage-first heap   total reserved 2097152K, committed 133120K, used 29822K [0x0000000780000000, 0x0000000800000000)
  region size 1024K, 28 young (28672K), 0 survivors (0K)
}
Event: 1.465 {heap After GC invocations=1 (full 0):
 garbage-first heap   total reserved 2097152K, committed 133120K, used 3555K [0x0000000780000000, 0x0000000800000000)
  region size 1024K, 3 young (3072K), 3 survivors (3072K)
}

Metaspace Usage History (2 events):
Event: 1.459 {metaspace Before GC invocations=0 (full 0):
 Metaspace       used 9872K, committed 10048K, reserved 1114112K
  class space    used 1145K, committed 1216K, reserved 1048576K
}
Event: 1.465 {metaspace After GC invocations=1 (full 0):
 Metaspace       used 9872K, committed 10048K, reserved 1114112K
  class space    used 1145K, committed 1216K, reserved 1048576K
}

Dll operation events (12 events):
Event: 0.014 Loaded shared library /Users/mac/Library/Java/JavaVirtualMachines/openjdk-25-patched/Contents/Home/lib/libjava.dylib
Event: 0.016 Loaded shared library /Users/mac/Library/Java/JavaVirtualMachines/openjdk-25-patched/Contents/Home/lib/libzip.dylib
Event: 0.140 Loaded shared library /Users/mac/Library/Java/JavaVirtualMachines/openjdk-25-patched/Contents/Home/lib/libinstrument.dylib
Event: 0.170 Loaded shared library /Users/mac/Library/Java/JavaVirtualMachines/openjdk-25-patched/Contents/Home/lib/libverify.dylib
Event: 0.263 Loaded shared library /Users/mac/Library/Java/JavaVirtualMachines/openjdk-25-patched/Contents/Home/lib/libnio.dylib
Event: 0.307 Loaded shared library /Users/mac/Library/Java/JavaVirtualMachines/openjdk-25-patched/Contents/Home/lib/libzip.dylib
Event: 0.361 Loaded shared library /Users/mac/Library/Java/JavaVirtualMachines/openjdk-25-patched/Contents/Home/lib/libnet.dylib
Event: 0.421 Loaded shared library /Users/mac/Library/Java/JavaVirtualMachines/openjdk-25-patched/Contents/Home/lib/libextnet.dylib
Event: 0.622 Loaded shared library /Users/mac/Library/Java/JavaVirtualMachines/openjdk-25-patched/Contents/Home/lib/libjimage.dylib
Event: 2.461 Loaded shared library /Users/mac/Library/Java/JavaVirtualMachines/openjdk-25-patched/Contents/Home/lib/libprefs.dylib
Event: 3.020 Loaded shared library /private/var/folders/57/xgqcb4yj1_958k83lyr82lrw0000gn/T/audiosnd_12301821893757505726audio-snd.dylib
Event: 3.764 Loaded shared library /private/var/folders/57/xgqcb4yj1_958k83lyr82lrw0000gn/T/audiosnd_9912320602426353452audio-snd.dylib

Deoptimization events (20 events):
Event: 3.786 Thread 0x00007fb420008a00 Uncommon trap: trap_request=0xffffff45 fr.pc=0x000000011f111680 relative=0x0000000000000300
Event: 3.786 Thread 0x00007fb420008a00 Uncommon trap: reason=unstable_if action=reinterpret pc=0x000000011f111680 method=java.lang.CharacterDataLatin1.equalsIgnoreCase(BB)Z @ 54 c2
Event: 3.786 Thread 0x00007fb420008a00 DEOPT PACKING pc=0x000000011f111680 sp=0x0000700003034620
Event: 3.786 Thread 0x00007fb420008a00 DEOPT UNPACKING pc=0x000000011eb94df9 sp=0x0000700003034498 mode 2
Event: 3.787 Thread 0x00007fb420008a00 Uncommon trap: trap_request=0xffffff66 fr.pc=0x000000011f0cb1a0 relative=0x0000000000000420
Event: 3.787 Thread 0x00007fb420008a00 Uncommon trap: reason=loop_limit_check action=maybe_recompile pc=0x000000011f0cb1a0 method=java.lang.StringLatin1.indexOf([BI[BII)I @ 37 c2
Event: 3.787 Thread 0x00007fb420008a00 DEOPT PACKING pc=0x000000011f0cb1a0 sp=0x00007000030344b0
Event: 3.787 Thread 0x00007fb420008a00 DEOPT UNPACKING pc=0x000000011eb94df9 sp=0x0000700003034458 mode 2
Event: 3.847 Thread 0x00007fb420008a00 Uncommon trap: trap_request=0xffffff45 fr.pc=0x000000011f11c2d4 relative=0x00000000000004d4
Event: 3.847 Thread 0x00007fb420008a00 Uncommon trap: reason=unstable_if action=reinterpret pc=0x000000011f11c2d4 method=java.lang.AbstractStringBuilder.isLatin1(B)Z @ 7 c2
Event: 3.847 Thread 0x00007fb420008a00 DEOPT PACKING pc=0x000000011f11c2d4 sp=0x0000700003034200
Event: 3.847 Thread 0x00007fb420008a00 DEOPT UNPACKING pc=0x000000011eb94df9 sp=0x0000700003034118 mode 2
Event: 3.847 Thread 0x00007fb420008a00 Uncommon trap: trap_request=0xffffff45 fr.pc=0x000000011f10fa50 relative=0x00000000000004d0
Event: 3.847 Thread 0x00007fb420008a00 Uncommon trap: reason=unstable_if action=reinterpret pc=0x000000011f10fa50 method=java.lang.AbstractStringBuilder.isLatin1(B)Z @ 7 c2
Event: 3.847 Thread 0x00007fb420008a00 DEOPT PACKING pc=0x000000011f10fa50 sp=0x00007000030341a0
Event: 3.847 Thread 0x00007fb420008a00 DEOPT UNPACKING pc=0x000000011eb94df9 sp=0x0000700003034120 mode 2
Event: 3.853 Thread 0x00007fb420008a00 Uncommon trap: trap_request=0xffffff45 fr.pc=0x000000011f1366b0 relative=0x0000000000000130
Event: 3.853 Thread 0x00007fb420008a00 Uncommon trap: reason=unstable_if action=reinterpret pc=0x000000011f1366b0 method=java.util.regex.Pattern$BmpCharPropertyGreedy.match(Ljava/util/regex/Matcher;ILjava/lang/CharSequence;)Z @ 12 c2
Event: 3.853 Thread 0x00007fb420008a00 DEOPT PACKING pc=0x000000011f1366b0 sp=0x0000700003033750
Event: 3.853 Thread 0x00007fb420008a00 DEOPT UNPACKING pc=0x000000011eb94df9 sp=0x0000700003033708 mode 2

Classes loaded (20 events):
Event: 3.852 Loading class sun/util/locale/provider/FallbackLocaleProviderAdapter
Event: 3.852 Loading class sun/util/locale/provider/FallbackLocaleProviderAdapter done
Event: 3.852 Loading class sun/util/locale/provider/BaseLocaleDataMetaInfo
Event: 3.852 Loading class sun/util/locale/provider/BaseLocaleDataMetaInfo done
Event: 3.854 Loading class sun/util/resources/cldr/TimeZoneNames
Event: 3.854 Loading class sun/util/resources/TimeZoneNamesBundle
Event: 3.854 Loading class sun/util/resources/OpenListResourceBundle
Event: 3.854 Loading class sun/util/resources/OpenListResourceBundle done
Event: 3.854 Loading class sun/util/resources/TimeZoneNamesBundle done
Event: 3.854 Loading class sun/util/resources/cldr/TimeZoneNames done
Event: 3.855 Loading class sun/util/resources/cldr/TimeZoneNames_en
Event: 3.856 Loading class sun/util/resources/cldr/TimeZoneNames_en done
Event: 3.858 Loading class sun/util/resources/cldr/TimeZoneNames_en_US
Event: 3.858 Loading class sun/util/resources/cldr/TimeZoneNames_en_US done
Event: 3.861 Loading class org/plovdev/audioengine/tracks/NativeTrackPlayer
Event: 3.861 Loading class org/plovdev/audioengine/tracks/NativeTrackPlayer done
Event: 3.864 Loading class org/plovdev/audioengine/exceptions/devices/OpenAudioDeviceException
Event: 3.864 Loading class org/plovdev/audioengine/exceptions/devices/OpenAudioDeviceException done
Event: 3.864 Loading class org/plovdev/audioengine/exceptions/devices/AudioDeviceException
Event: 3.864 Loading class org/plovdev/audioengine/exceptions/devices/AudioDeviceException done

Classes unloaded (0 events):
No events

Classes redefined (1 events):
Event: 0.217 Thread 0x00007fb41e809000 redefined class name=java.lang.Throwable, count=1

Internal exceptions (20 events):
Event: 1.625 Thread 0x00007fb420008a00 Exception <a 'java/lang/IncompatibleClassChangeError'{0x0000000787a7e538}: Found class java.lang.Object, but interface was expected> (0x0000000787a7e538) 
thrown [open/src/hotspot/share/interpreter/linkResolver.cpp, line 871]
Event: 1.630 Thread 0x00007fb420008a00 Exception <a 'java/lang/NoSuchMethodError'{0x0000000787aa7d98}: 'void java.lang.invoke.DirectMethodHandle$Holder.invokeSpecial(java.lang.Object, java.lang.Object, java.lang.Object, java.lang.Object, java.lang.Object)'> (0x0000000787aa7d98) 
thrown [open/src/hotspot/share/interpreter/linkResolver.cpp, line 804]
Event: 1.632 Thread 0x00007fb420008a00 Exception <a 'java/lang/NoSuchMethodError'{0x0000000787ac8760}: 'void java.lang.invoke.DirectMethodHandle$Holder.invokeInterface(java.lang.Object, java.lang.Object)'> (0x0000000787ac8760) 
thrown [open/src/hotspot/share/interpreter/linkResolver.cpp, line 804]
Event: 1.634 Thread 0x00007fb420008a00 Exception <a 'java/lang/IncompatibleClassChangeError'{0x0000000787ad0700}: Found class java.lang.Object, but interface was expected> (0x0000000787ad0700) 
thrown [open/src/hotspot/share/interpreter/linkResolver.cpp, line 871]
Event: 1.661 Thread 0x00007fb420008a00 Exception <a 'java/lang/NoSuchMethodError'{0x00000007879578b8}: 'void java.lang.invoke.DirectMethodHandle$Holder.invokeInterface(java.lang.Object, java.lang.Object, java.lang.Object, java.lang.Object)'> (0x00000007879578b8) 
thrown [open/src/hotspot/share/interpreter/linkResolver.cpp, line 804]
Event: 1.662 Thread 0x00007fb420008a00 Exception <a 'java/lang/IncompatibleClassChangeError'{0x000000078795f990}: Found class java.lang.Object, but interface was expected> (0x000000078795f990) 
thrown [open/src/hotspot/share/interpreter/linkResolver.cpp, line 871]
Event: 1.684 Thread 0x00007fb420008a00 Exception <a 'java/lang/NoSuchMethodError'{0x00000007879c92c8}: 'java.lang.Object java.lang.invoke.Invokers$Holder.linkToTargetMethod(java.lang.Object, int, java.lang.Object, java.lang.Object)'> (0x00000007879c92c8) 
thrown [open/src/hotspot/share/interpreter/linkResolver.cpp, line 804]
Event: 1.685 Thread 0x00007fb420008a00 Exception <a 'java/lang/NoSuchMethodError'{0x00000007879dac18}: 'java.lang.Object java.lang.invoke.DirectMethodHandle$Holder.invokeSpecial(java.lang.Object, java.lang.Object, int, java.lang.Object, int)'> (0x00000007879dac18) 
thrown [open/src/hotspot/share/interpreter/linkResolver.cpp, line 804]
Event: 1.686 Thread 0x00007fb420008a00 Exception <a 'java/lang/NoSuchMethodError'{0x00000007879e72e8}: 'java.lang.Object java.lang.invoke.DelegatingMethodHandle$Holder.reinvoke_L(java.lang.Object, java.lang.Object, int, java.lang.Object, int)'> (0x00000007879e72e8) 
thrown [open/src/hotspot/share/interpreter/linkResolver.cpp, line 804]
Event: 1.695 Thread 0x00007fb420008a00 Exception <a 'java/lang/NoSuchMethodError'{0x0000000787836c78}: 'java.lang.Object java.lang.invoke.DirectMethodHandle$Holder.newInvokeSpecial(java.lang.Object, java.lang.Object, int)'> (0x0000000787836c78) 
thrown [open/src/hotspot/share/interpreter/linkResolver.cpp, line 804]
Event: 1.743 Thread 0x00007fb420008a00 Exception <a 'java/lang/NoSuchMethodError'{0x0000000787788990}: 'int java.lang.invoke.DirectMethodHandle$Holder.invokeStatic(java.lang.Object, java.lang.Object, java.lang.Object, java.lang.Object, java.lang.Object)'> (0x0000000787788990) 
thrown [open/src/hotspot/share/interpreter/linkResolver.cpp, line 804]
Event: 1.887 Thread 0x00007fb420008a00 Exception <a 'java/lang/NoSuchMethodError'{0x00000007872534a0}: 'java.lang.Object java.lang.invoke.DirectMethodHandle$Holder.invokeInterface(java.lang.Object, java.lang.Object, java.lang.Object, java.lang.Object, java.lang.Object)'> (0x00000007872534a0) 
thrown [open/src/hotspot/share/interpreter/linkResolver.cpp, line 804]
Event: 1.888 Thread 0x00007fb420008a00 Exception <a 'java/lang/IncompatibleClassChangeError'{0x000000078725b950}: Found class java.lang.Object, but interface was expected> (0x000000078725b950) 
thrown [open/src/hotspot/share/interpreter/linkResolver.cpp, line 871]
Event: 2.128 Thread 0x00007fb420008a00 Exception <a 'java/lang/NoSuchMethodError'{0x0000000786c34ef8}: 'void java.lang.invoke.DirectMethodHandle$Holder.invokeSpecialIFC(java.lang.Object, java.lang.Object, java.lang.Object, java.lang.Object, java.lang.Object)'> (0x0000000786c34ef8) 
thrown [open/src/hotspot/share/interpreter/linkResolver.cpp, line 804]
Event: 2.309 Thread 0x00007fb420008a00 Exception <a 'java/lang/NoSuchMethodError'{0x00000007869ef3e0}: 'int java.lang.invoke.DirectMethodHandle$Holder.invokeVirtual(java.lang.Object, java.lang.Object, java.lang.Object, java.lang.Object)'> (0x00000007869ef3e0) 
thrown [open/src/hotspot/share/interpreter/linkResolver.cpp, line 804]
Event: 2.431 Thread 0x00007fb420008a00 Implicit null exception at 0x000000011f0edcb9 to 0x000000011f0ee6bc
Event: 2.431 Thread 0x00007fb420008a00 Implicit null exception at 0x000000011f0e321d to 0x000000011f0e3299
Event: 2.448 Thread 0x00007fb420008a00 Exception <a 'java/lang/NoSuchMethodError'{0x00000007860548b0}: 'java.lang.Object java.lang.invoke.DelegatingMethodHandle$Holder.reinvoke_L(java.lang.Object, java.lang.Object, java.lang.Object, long, java.lang.Object)'> (0x00000007860548b0) 
thrown [open/src/hotspot/share/interpreter/linkResolver.cpp, line 804]
Event: 2.449 Thread 0x00007fb420008a00 Exception <a 'java/lang/NoSuchMethodError'{0x00000007860654a0}: 'java.lang.Object java.lang.invoke.Invokers$Holder.linkToTargetMethod(java.lang.Object, long, java.lang.Object, java.lang.Object)'> (0x00000007860654a0) 
thrown [open/src/hotspot/share/interpreter/linkResolver.cpp, line 804]
Event: 3.113 Thread 0x00007fb420008a00 Exception <a 'java/lang/NoSuchMethodError'{0x0000000785d7b928}: 'void java.lang.invoke.DirectMethodHandle$Holder.invokeVirtual(java.lang.Object, java.lang.Object)'> (0x0000000785d7b928) 
thrown [open/src/hotspot/share/interpreter/linkResolver.cpp, line 804]

VM Operations (20 events):
Event: 0.804 Executing non-safepoint VM operation: HandshakeAllThreads (Deoptimize)
Event: 0.804 Executing non-safepoint VM operation: HandshakeAllThreads (Deoptimize) done
Event: 1.335 Executing non-safepoint VM operation: HandshakeAllThreads (Deoptimize)
Event: 1.335 Executing non-safepoint VM operation: HandshakeAllThreads (Deoptimize) done
Event: 1.459 Executing safepoint VM operation: G1CollectForAllocation (G1 Evacuation Pause)
Event: 1.465 Executing safepoint VM operation: G1CollectForAllocation (G1 Evacuation Pause) done
Event: 1.894 Executing non-safepoint VM operation: HandshakeAllThreads (Deoptimize)
Event: 1.894 Executing non-safepoint VM operation: HandshakeAllThreads (Deoptimize) done
Event: 1.910 Executing non-safepoint VM operation: HandshakeAllThreads (Deoptimize)
Event: 1.910 Executing non-safepoint VM operation: HandshakeAllThreads (Deoptimize) done
Event: 2.392 Executing non-safepoint VM operation: HandshakeAllThreads (Deoptimize)
Event: 2.392 Executing non-safepoint VM operation: HandshakeAllThreads (Deoptimize) done
Event: 2.405 Executing non-safepoint VM operation: HandshakeAllThreads (Deoptimize)
Event: 2.405 Executing non-safepoint VM operation: HandshakeAllThreads (Deoptimize) done
Event: 2.482 Executing non-safepoint VM operation: HandshakeAllThreads (Deoptimize)
Event: 2.482 Executing non-safepoint VM operation: HandshakeAllThreads (Deoptimize) done
Event: 3.104 Executing non-safepoint VM operation: HandshakeAllThreads (Deoptimize)
Event: 3.104 Executing non-safepoint VM operation: HandshakeAllThreads (Deoptimize) done
Event: 3.778 Executing non-safepoint VM operation: HandshakeAllThreads (Deoptimize)
Event: 3.778 Executing non-safepoint VM operation: HandshakeAllThreads (Deoptimize) done

Memory protections (14 events):
Event: 0.013 Protecting memory [0x0000700002f38000,0x0000700002f3c000] with protection modes 0
Event: 0.026 Protecting memory [0x000000012b000000,0x000000012b004000] with protection modes 0
Event: 0.051 Protecting memory [0x0000700003856000,0x000070000385a000] with protection modes 0
Event: 0.051 Protecting memory [0x0000700003959000,0x000070000395d000] with protection modes 0
Event: 0.052 Protecting memory [0x0000700003a5c000,0x0000700003a60000] with protection modes 0
Event: 0.052 Protecting memory [0x0000700003b5f000,0x0000700003b63000] with protection modes 0
Event: 0.052 Protecting memory [0x0000700003c62000,0x0000700003c66000] with protection modes 0
Event: 0.052 Protecting memory [0x0000700003d65000,0x0000700003d69000] with protection modes 0
Event: 0.055 Protecting memory [0x0000700003e68000,0x0000700003e6c000] with protection modes 0
Event: 0.159 Protecting memory [0x0000700003f6b000,0x0000700003f6f000] with protection modes 0
Event: 0.220 Protecting memory [0x000070000406e000,0x0000700004072000] with protection modes 0
Event: 0.333 Protecting memory [0x0000700004171000,0x0000700004175000] with protection modes 0
Event: 0.333 Protecting memory [0x0000700004274000,0x0000700004278000] with protection modes 0
Event: 2.464 Protecting memory [0x000070000457d000,0x0000700004581000] with protection modes 0

Nmethod flushes (0 events):
No events

Events (13 events):
Event: 0.028 Thread 0x00007fb420008a00 Thread added: 0x00007fb420008a00
Event: 0.051 Thread 0x00007fb420008a00 Thread added: 0x00007fb41f811e00
Event: 0.051 Thread 0x00007fb420008a00 Thread added: 0x00007fb41e839e00
Event: 0.052 Thread 0x00007fb420008a00 Thread added: 0x00007fb41e040400
Event: 0.052 Thread 0x00007fb420008a00 Thread added: 0x00007fb41e031600
Event: 0.052 Thread 0x00007fb420008a00 Thread added: 0x00007fb41e031e00
Event: 0.052 Thread 0x00007fb420008a00 Thread added: 0x00007fb41e032600
Event: 0.055 Thread 0x00007fb420008a00 Thread added: 0x00007fb41e033000
Event: 0.158 Thread 0x00007fb420008a00 Thread added: 0x00007fb41f867c00
Event: 0.220 Thread 0x00007fb420008a00 Thread added: 0x00007fb41e043e00
Event: 0.333 Thread 0x00007fb420008a00 Thread added: 0x00007fb41f882800
Event: 0.333 Thread 0x00007fb420008a00 Thread added: 0x00007fb41f883000
Event: 2.464 Thread 0x00007fb420008a00 Thread added: 0x00007fb420415600


Dynamic libraries:
0x000000010c3e6000 	/Users/mac/Library/Java/JavaVirtualMachines/openjdk-25-patched/Contents/Home/lib/libjli.dylib
0x00007fff680b0000 	/usr/lib/libSystem.B.dylib
0x00007fff6a67c000 	/usr/lib/libz.1.dylib
0x00007fff2f5ea000 	/System/Library/Frameworks/ApplicationServices.framework/Versions/A/ApplicationServices
0x00007fff30684000 	/System/Library/Frameworks/Cocoa.framework/Versions/A/Cocoa
0x00007fff3dceb000 	/System/Library/Frameworks/Security.framework/Versions/A/Security
0x00007fff31537000 	/System/Library/Frameworks/CoreFoundation.framework/Versions/A/CoreFoundation
0x00007fff33c1c000 	/System/Library/Frameworks/Foundation.framework/Versions/C/Foundation
0x00007fff69fa9000 	/usr/lib/libobjc.A.dylib
0x00007fff6af3d000 	/usr/lib/system/libcache.dylib
0x00007fff6af43000 	/usr/lib/system/libcommonCrypto.dylib
0x00007fff6af4f000 	/usr/lib/system/libcompiler_rt.dylib
0x00007fff6af57000 	/usr/lib/system/libcopyfile.dylib
0x00007fff6af61000 	/usr/lib/system/libcorecrypto.dylib
0x00007fff6b100000 	/usr/lib/system/libdispatch.dylib
0x00007fff6b141000 	/usr/lib/system/libdyld.dylib
0x00007fff6b178000 	/usr/lib/system/libkeymgr.dylib
0x00007fff6b186000 	/usr/lib/system/liblaunch.dylib
0x00007fff6b187000 	/usr/lib/system/libmacho.dylib
0x00007fff6b18d000 	/usr/lib/system/libquarantine.dylib
0x00007fff6b190000 	/usr/lib/system/libremovefile.dylib
0x00007fff6b192000 	/usr/lib/system/libsystem_asl.dylib
0x00007fff6b1aa000 	/usr/lib/system/libsystem_blocks.dylib
0x00007fff6b1ab000 	/usr/lib/system/libsystem_c.dylib
0x00007fff6b233000 	/usr/lib/system/libsystem_configuration.dylib
0x00007fff6b237000 	/usr/lib/system/libsystem_coreservices.dylib
0x00007fff6b23b000 	/usr/lib/system/libsystem_darwin.dylib
0x00007fff6b244000 	/usr/lib/system/libsystem_dnssd.dylib
0x00007fff6b24c000 	/usr/lib/system/libsystem_featureflags.dylib
0x00007fff6b24e000 	/usr/lib/system/libsystem_info.dylib
0x00007fff6b2c9000 	/usr/lib/system/libsystem_m.dylib
0x00007fff6b315000 	/usr/lib/system/libsystem_malloc.dylib
0x00007fff6b33d000 	/usr/lib/system/libsystem_networkextension.dylib
0x00007fff6b34b000 	/usr/lib/system/libsystem_notify.dylib
0x00007fff6b369000 	/usr/lib/system/libsystem_sandbox.dylib
0x00007fff6b36e000 	/usr/lib/system/libsystem_secinit.dylib
0x00007fff6b29c000 	/usr/lib/system/libsystem_kernel.dylib
0x00007fff6b355000 	/usr/lib/system/libsystem_platform.dylib
0x00007fff6b35e000 	/usr/lib/system/libsystem_pthread.dylib
0x00007fff6b371000 	/usr/lib/system/libsystem_symptoms.dylib
0x00007fff6b379000 	/usr/lib/system/libsystem_trace.dylib
0x00007fff6b391000 	/usr/lib/system/libunwind.dylib
0x00007fff6b397000 	/usr/lib/system/libxpc.dylib
0x00007fff6847f000 	/usr/lib/libc++abi.dylib
0x00007fff6842c000 	/usr/lib/libc++.1.dylib
0x00007fff319b9000 	/System/Library/Frameworks/CoreGraphics.framework/Versions/A/CoreGraphics
0x00007fff333b8000 	/System/Library/Frameworks/CoreText.framework/Versions/A/CoreText
0x00007fff3448b000 	/System/Library/Frameworks/ImageIO.framework/Versions/A/ImageIO
0x00007fff30692000 	/System/Library/Frameworks/ColorSync.framework/Versions/A/ColorSync
0x00007fff2f5eb000 	/System/Library/Frameworks/ApplicationServices.framework/Versions/A/Frameworks/ATS.framework/Versions/A/ATS
0x00007fff2f7b8000 	/System/Library/Frameworks/ApplicationServices.framework/Versions/A/Frameworks/ColorSyncLegacy.framework/Versions/A/ColorSyncLegacy
0x00007fff32944000 	/System/Library/Frameworks/CoreServices.framework/Versions/A/CoreServices
0x00007fff2f856000 	/System/Library/Frameworks/ApplicationServices.framework/Versions/A/Frameworks/HIServices.framework/Versions/A/HIServices
0x00007fff2f8ae000 	/System/Library/Frameworks/ApplicationServices.framework/Versions/A/Frameworks/LangAnalysis.framework/Versions/A/LangAnalysis
0x00007fff2f8bd000 	/System/Library/Frameworks/ApplicationServices.framework/Versions/A/Frameworks/PrintCore.framework/Versions/A/PrintCore
0x00007fff2f903000 	/System/Library/Frameworks/ApplicationServices.framework/Versions/A/Frameworks/QD.framework/Versions/A/QD
0x00007fff2f90e000 	/System/Library/Frameworks/ApplicationServices.framework/Versions/A/Frameworks/SpeechSynthesis.framework/Versions/A/SpeechSynthesis
0x00007fff604fb000 	/System/Library/PrivateFrameworks/SkyLight.framework/Versions/A/SkyLight
0x00007fff4d988000 	/System/Library/PrivateFrameworks/FontServices.framework/libFontParser.dylib
0x00007fff2d14b000 	/System/Library/Frameworks/Accelerate.framework/Versions/A/Accelerate
0x00007fff343fb000 	/System/Library/Frameworks/IOSurface.framework/Versions/A/IOSurface
0x00007fff6a56d000 	/usr/lib/libxml2.2.dylib
0x00007fff2fd96000 	/System/Library/Frameworks/CFNetwork.framework/Versions/A/CFNetwork
0x00007fff63fef000 	/System/Library/PrivateFrameworks/WatchdogClient.framework/Versions/A/WatchdogClient
0x00007fff684a8000 	/usr/lib/libcompression.dylib
0x00007fff67bda000 	/usr/lib/libDiagnosticMessagesClient.dylib
0x00007fff3ed9e000 	/System/Library/Frameworks/SystemConfiguration.framework/Versions/A/SystemConfiguration
0x00007fff31404000 	/System/Library/Frameworks/CoreDisplay.framework/Versions/A/CoreDisplay
0x00007fff55f74000 	/System/Library/PrivateFrameworks/IOAccelerator.framework/Versions/A/IOAccelerator
0x00007fff34355000 	/System/Library/Frameworks/IOKit.framework/Versions/A/IOKit
0x00007fff36adb000 	/System/Library/Frameworks/Metal.framework/Versions/A/Metal
0x00007fff36e76000 	/System/Library/Frameworks/MetalPerformanceShaders.framework/Versions/A/MetalPerformanceShaders
0x00007fff58378000 	/System/Library/PrivateFrameworks/MultitouchSupport.framework/Versions/A/MultitouchSupport
0x00007fff3cee4000 	/System/Library/Frameworks/QuartzCore.framework/Versions/A/QuartzCore
0x00007fff6840e000 	/usr/lib/libbsm.0.dylib
0x00007fff69286000 	/usr/lib/liblzma.5.dylib
0x00007fff68348000 	/usr/lib/libauto.dylib
0x00007fff68f01000 	/usr/lib/libfakelink.dylib
0x00007fff338da000 	/System/Library/Frameworks/DiskArbitration.framework/Versions/A/DiskArbitration
0x00007fff681a2000 	/usr/lib/libarchive.2.dylib
0x00007fff69013000 	/usr/lib/libicucore.A.dylib
0x00007fff69284000 	/usr/lib/liblangid.dylib
0x00007fff67b0d000 	/usr/lib/libCRFSuite.dylib
0x00007fff68ed8000 	/usr/lib/libenergytrace.dylib
0x00007fff6b179000 	/usr/lib/system/libkxld.dylib
0x00007fff44b58000 	/System/Library/PrivateFrameworks/AppleFSCompression.framework/Versions/A/AppleFSCompression
0x00007fff6879a000 	/usr/lib/libcoretls.dylib
0x00007fff687b1000 	/usr/lib/libcoretls_cfhelpers.dylib
0x00007fff69fee000 	/usr/lib/libpam.2.dylib
0x00007fff6a123000 	/usr/lib/libsqlite3.dylib
0x00007fff6a55a000 	/usr/lib/libxar.1.dylib
0x00007fff6841f000 	/usr/lib/libbz2.1.0.dylib
0x00007fff68f22000 	/usr/lib/libiconv.2.dylib
0x00007fff68495000 	/usr/lib/libcharset.1.dylib
0x00007fff69a8c000 	/usr/lib/libnetwork.dylib
0x00007fff69ff5000 	/usr/lib/libpcap.A.dylib
0x00007fff68157000 	/usr/lib/libapple_nghttp2.dylib
0x00007fff32cfb000 	/System/Library/Frameworks/CoreServices.framework/Versions/A/Frameworks/FSEvents.framework/Versions/A/FSEvents
0x00007fff329cb000 	/System/Library/Frameworks/CoreServices.framework/Versions/A/Frameworks/CarbonCore.framework/Versions/A/CarbonCore
0x00007fff32f40000 	/System/Library/Frameworks/CoreServices.framework/Versions/A/Frameworks/Metadata.framework/Versions/A/Metadata
0x00007fff32fd9000 	/System/Library/Frameworks/CoreServices.framework/Versions/A/Frameworks/OSServices.framework/Versions/A/OSServices
0x00007fff33007000 	/System/Library/Frameworks/CoreServices.framework/Versions/A/Frameworks/SearchKit.framework/Versions/A/SearchKit
0x00007fff32945000 	/System/Library/Frameworks/CoreServices.framework/Versions/A/Frameworks/AE.framework/Versions/A/AE
0x00007fff32d04000 	/System/Library/Frameworks/CoreServices.framework/Versions/A/Frameworks/LaunchServices.framework/Versions/A/LaunchServices
0x00007fff32cad000 	/System/Library/Frameworks/CoreServices.framework/Versions/A/Frameworks/DictionaryServices.framework/Versions/A/DictionaryServices
0x00007fff3306f000 	/System/Library/Frameworks/CoreServices.framework/Versions/A/Frameworks/SharedFileList.framework/Versions/A/SharedFileList
0x00007fff37d36000 	/System/Library/Frameworks/NetFS.framework/Versions/A/NetFS
0x00007fff588a8000 	/System/Library/PrivateFrameworks/NetAuth.framework/Versions/A/NetAuth
0x00007fff64fed000 	/System/Library/PrivateFrameworks/login.framework/Versions/A/Frameworks/loginsupport.framework/Versions/A/loginsupport
0x00007fff61b40000 	/System/Library/PrivateFrameworks/TCC.framework/Versions/A/TCC
0x00007fff4978e000 	/System/Library/PrivateFrameworks/CoreNLP.framework/Versions/A/CoreNLP
0x00007fff57da5000 	/System/Library/PrivateFrameworks/MetadataUtilities.framework/Versions/A/MetadataUtilities
0x00007fff6935e000 	/usr/lib/libmecabra.dylib
0x00007fff692b6000 	/usr/lib/libmecab.dylib
0x00007fff68f12000 	/usr/lib/libgermantok.dylib
0x00007fff6813e000 	/usr/lib/libThaiTokenizer.dylib
0x00007fff67b44000 	/usr/lib/libChineseTokenizer.dylib
0x00007fff2d164000 	/System/Library/Frameworks/Accelerate.framework/Versions/A/Frameworks/vImage.framework/Versions/A/vImage
0x00007fff2e632000 	/System/Library/Frameworks/Accelerate.framework/Versions/A/Frameworks/vecLib.framework/Versions/A/vecLib
0x00007fff2e4b3000 	/System/Library/Frameworks/Accelerate.framework/Versions/A/Frameworks/vecLib.framework/Versions/A/libvMisc.dylib
0x00007fff2e320000 	/System/Library/Frameworks/Accelerate.framework/Versions/A/Frameworks/vecLib.framework/Versions/A/libvDSP.dylib
0x00007fff2da00000 	/System/Library/Frameworks/Accelerate.framework/Versions/A/Frameworks/vecLib.framework/Versions/A/libBLAS.dylib
0x00007fff2ded8000 	/System/Library/Frameworks/Accelerate.framework/Versions/A/Frameworks/vecLib.framework/Versions/A/libLAPACK.dylib
0x00007fff2e280000 	/System/Library/Frameworks/Accelerate.framework/Versions/A/Frameworks/vecLib.framework/Versions/A/libLinearAlgebra.dylib
0x00007fff2e30d000 	/System/Library/Frameworks/Accelerate.framework/Versions/A/Frameworks/vecLib.framework/Versions/A/libSparseBLAS.dylib
0x00007fff2e296000 	/System/Library/Frameworks/Accelerate.framework/Versions/A/Frameworks/vecLib.framework/Versions/A/libQuadrature.dylib
0x00007fff2db96000 	/System/Library/Frameworks/Accelerate.framework/Versions/A/Frameworks/vecLib.framework/Versions/A/libBNNS.dylib
0x00007fff2e29c000 	/System/Library/Frameworks/Accelerate.framework/Versions/A/Frameworks/vecLib.framework/Versions/A/libSparse.dylib
0x00007fff56919000 	/System/Library/PrivateFrameworks/LanguageModeling.framework/Versions/A/LanguageModeling
0x00007fff4913d000 	/System/Library/PrivateFrameworks/CoreEmoji.framework/Versions/A/CoreEmoji
0x00007fff56a37000 	/System/Library/PrivateFrameworks/LinguisticData.framework/Versions/A/LinguisticData
0x00007fff569e8000 	/System/Library/PrivateFrameworks/Lexicon.framework/Versions/A/Lexicon
0x00007fff68496000 	/usr/lib/libcmph.dylib
0x00007fff3a925000 	/System/Library/Frameworks/OpenDirectory.framework/Versions/A/Frameworks/CFOpenDirectory.framework/Versions/A/CFOpenDirectory
0x00007fff3a942000 	/System/Library/Frameworks/OpenDirectory.framework/Versions/A/OpenDirectory
0x00007fff42d88000 	/System/Library/PrivateFrameworks/APFS.framework/Versions/A/APFS
0x00007fff3e037000 	/System/Library/Frameworks/SecurityFoundation.framework/Versions/A/SecurityFoundation
0x00007fff6a556000 	/usr/lib/libutil.dylib
0x00007fff4a689000 	/System/Library/PrivateFrameworks/CoreServicesStore.framework/Versions/A/CoreServicesStore
0x00007fff3e0ee000 	/System/Library/Frameworks/ServiceManagement.framework/Versions/A/ServiceManagement
0x00007fff4632a000 	/System/Library/PrivateFrameworks/BackgroundTaskManagement.framework/Versions/A/BackgroundTaskManagement
0x00007fff6a653000 	/usr/lib/libxslt.1.dylib
0x00007fff52704000 	/System/Library/PrivateFrameworks/GPUWrangler.framework/Versions/A/GPUWrangler
0x00007fff55f89000 	/System/Library/PrivateFrameworks/IOPresentment.framework/Versions/A/IOPresentment
0x00007fff4b209000 	/System/Library/PrivateFrameworks/DSExternalDisplay.framework/Versions/A/DSExternalDisplay
0x00007fff3b2b6000 	/System/Library/Frameworks/OpenGL.framework/Versions/A/Libraries/libCoreFSCache.dylib
0x00007fff36bc2000 	/System/Library/Frameworks/MetalPerformanceShaders.framework/Frameworks/MPSCore.framework/Versions/A/MPSCore
0x00007fff36c00000 	/System/Library/Frameworks/MetalPerformanceShaders.framework/Frameworks/MPSImage.framework/Versions/A/MPSImage
0x00007fff36cc7000 	/System/Library/Frameworks/MetalPerformanceShaders.framework/Frameworks/MPSNeuralNetwork.framework/Versions/A/MPSNeuralNetwork
0x00007fff36c8b000 	/System/Library/Frameworks/MetalPerformanceShaders.framework/Frameworks/MPSMatrix.framework/Versions/A/MPSMatrix
0x00007fff36e26000 	/System/Library/Frameworks/MetalPerformanceShaders.framework/Frameworks/MPSRayIntersector.framework/Versions/A/MPSRayIntersector
0x00007fff36cb1000 	/System/Library/Frameworks/MetalPerformanceShaders.framework/Frameworks/MPSNDArray.framework/Versions/A/MPSNDArray
0x00007fff57df2000 	/System/Library/PrivateFrameworks/MetalTools.framework/Versions/A/MetalTools
0x00007fff43f62000 	/System/Library/PrivateFrameworks/AggregateDictionary.framework/Versions/A/AggregateDictionary
0x00007fff48b84000 	/System/Library/PrivateFrameworks/CoreAnalytics.framework/Versions/A/CoreAnalytics
0x00007fff450ea000 	/System/Library/PrivateFrameworks/AppleSauce.framework/Versions/A/AppleSauce
0x00007fff67f1e000 	/usr/lib/libMobileGestalt.dylib
0x00007fff451cc000 	/System/Library/PrivateFrameworks/AppleSystemInfo.framework/Versions/A/AppleSystemInfo
0x00007fff67e00000 	/usr/lib/libIOReport.dylib
0x00007fff3205f000 	/System/Library/Frameworks/CoreImage.framework/Versions/A/CoreImage
0x00007fff33571000 	/System/Library/Frameworks/CoreVideo.framework/Versions/A/CoreVideo
0x00007fff3bf17000 	/System/Library/Frameworks/OpenGL.framework/Versions/A/OpenGL
0x00007fff53b7d000 	/System/Library/PrivateFrameworks/GraphVisualizer.framework/Versions/A/GraphVisualizer
0x00007fff4cece000 	/System/Library/PrivateFrameworks/FaceCore.framework/Versions/A/FaceCore
0x00007fff3a8cc000 	/System/Library/Frameworks/OpenCL.framework/Versions/A/OpenCL
0x00007fff67c22000 	/usr/lib/libFosl_dynamic.dylib
0x00007fff592ca000 	/System/Library/PrivateFrameworks/OTSVG.framework/Versions/A/OTSVG
0x00007fff2f6ef000 	/System/Library/Frameworks/ApplicationServices.framework/Versions/A/Frameworks/ATS.framework/Versions/A/Resources/libFontRegistry.dylib
0x00007fff68215000 	/usr/lib/libate.dylib
0x00007fff346aa000 	/System/Library/Frameworks/ImageIO.framework/Versions/A/Resources/libJPEG.dylib
0x00007fff34969000 	/System/Library/Frameworks/ImageIO.framework/Versions/A/Resources/libTIFF.dylib
0x00007fff3494c000 	/System/Library/Frameworks/ImageIO.framework/Versions/A/Resources/libPng.dylib
0x00007fff345ec000 	/System/Library/Frameworks/ImageIO.framework/Versions/A/Resources/libGIF.dylib
0x00007fff345f0000 	/System/Library/Frameworks/ImageIO.framework/Versions/A/Resources/libJP2.dylib
0x00007fff34967000 	/System/Library/Frameworks/ImageIO.framework/Versions/A/Resources/libRadiance.dylib
0x00007fff68ed9000 	/usr/lib/libexpat.1.dylib
0x00007fff44cb3000 	/System/Library/PrivateFrameworks/AppleJPEG.framework/Versions/A/AppleJPEG
0x00007fff4db58000 	/System/Library/PrivateFrameworks/FontServices.framework/libhvf.dylib
0x00007fff3b2c1000 	/System/Library/Frameworks/OpenGL.framework/Versions/A/Libraries/libGFXShared.dylib
0x00007fff3b49f000 	/System/Library/Frameworks/OpenGL.framework/Versions/A/Libraries/libGLU.dylib
0x00007fff3b2ca000 	/System/Library/Frameworks/OpenGL.framework/Versions/A/Libraries/libGL.dylib
0x00007fff3b2d5000 	/System/Library/Frameworks/OpenGL.framework/Versions/A/Libraries/libGLImage.dylib
0x00007fff3b2b3000 	/System/Library/Frameworks/OpenGL.framework/Versions/A/Libraries/libCVMSPluginSupport.dylib
0x00007fff3b2bc000 	/System/Library/Frameworks/OpenGL.framework/Versions/A/Libraries/libCoreVMClient.dylib
0x00007fff6992d000 	/usr/lib/libncurses.5.4.dylib
0x00007fff2f788000 	/System/Library/Frameworks/ApplicationServices.framework/Versions/A/Frameworks/ATSUI.framework/Versions/A/ATSUI
0x00007fff68d6f000 	/usr/lib/libcups.2.dylib
0x00007fff35f11000 	/System/Library/Frameworks/Kerberos.framework/Versions/A/Kerberos
0x00007fff3404e000 	/System/Library/Frameworks/GSS.framework/Versions/A/GSS
0x00007fff6a0af000 	/usr/lib/libresolv.9.dylib
0x00007fff53d2a000 	/System/Library/PrivateFrameworks/Heimdal.framework/Versions/A/Heimdal
0x00007fff35f24000 	/System/Library/Frameworks/Kerberos.framework/Versions/A/Libraries/libHeimdalProxy.dylib
0x00007fff68f18000 	/usr/lib/libheimdal-asn1.dylib
0x00007fff4801c000 	/System/Library/PrivateFrameworks/CommonAuth.framework/Versions/A/CommonAuth
0x00007fff30a73000 	/System/Library/Frameworks/CoreAudio.framework/Versions/A/CoreAudio
0x00007fff2f91c000 	/System/Library/Frameworks/AudioToolbox.framework/Versions/A/AudioToolbox
0x00007fff45269000 	/System/Library/PrivateFrameworks/AssertionServices.framework/Versions/A/AssertionServices
0x00007fff45e0c000 	/System/Library/PrivateFrameworks/AudioToolboxCore.framework/Versions/A/AudioToolboxCore
0x00007fff64c9d000 	/System/Library/PrivateFrameworks/caulk.framework/Versions/A/caulk
0x00007fff463d6000 	/System/Library/PrivateFrameworks/BaseBoard.framework/Versions/A/BaseBoard
0x00007fff5d52d000 	/System/Library/PrivateFrameworks/RunningBoardServices.framework/Versions/A/RunningBoardServices
0x00007fff5a53e000 	/System/Library/PrivateFrameworks/PersistentConnection.framework/Versions/A/PersistentConnection
0x00007fff5cf26000 	/System/Library/PrivateFrameworks/ProtocolBuffer.framework/Versions/A/ProtocolBuffer
0x00007fff48040000 	/System/Library/PrivateFrameworks/CommonUtilities.framework/Versions/A/CommonUtilities
0x00007fff46564000 	/System/Library/PrivateFrameworks/Bom.framework/Versions/A/Bom
0x00007fff67ad3000 	/usr/lib/libAudioToolboxUtility.dylib
0x00007fff2e7dc000 	/System/Library/Frameworks/AppKit.framework/Versions/C/AppKit
0x00007fff31008000 	/System/Library/Frameworks/CoreData.framework/Versions/A/CoreData
0x00007fff6230b000 	/System/Library/PrivateFrameworks/UIFoundation.framework/Versions/A/UIFoundation
0x00007fff5d39f000 	/System/Library/PrivateFrameworks/RemoteViewServices.framework/Versions/A/RemoteViewServices
0x00007fff64c20000 	/System/Library/PrivateFrameworks/XCTTargetBootstrap.framework/Versions/A/XCTTargetBootstrap
0x00007fff4b39c000 	/System/Library/PrivateFrameworks/DesktopServicesPriv.framework/Versions/A/DesktopServicesPriv
0x00007fff4a631000 	/System/Library/PrivateFrameworks/CoreSVG.framework/Versions/A/CoreSVG
0x00007fff56328000 	/System/Library/PrivateFrameworks/IconServices.framework/Versions/A/IconServices
0x00007fff4b1f6000 	/System/Library/PrivateFrameworks/DFRFoundation.framework/Versions/A/DFRFoundation
0x00007fff2f9ff000 	/System/Library/Frameworks/AudioUnit.framework/Versions/A/AudioUnit
0x00007fff4b298000 	/System/Library/PrivateFrameworks/DataDetectorsCore.framework/Versions/A/DataDetectorsCore
0x00007fff301a5000 	/System/Library/Frameworks/Carbon.framework/Versions/A/Frameworks/HIToolbox.framework/Versions/A/HIToolbox
0x00007fff304e4000 	/System/Library/Frameworks/Carbon.framework/Versions/A/Frameworks/SpeechRecognition.framework/Versions/A/SpeechRecognition
0x00007fff4ad0a000 	/System/Library/PrivateFrameworks/CoreUI.framework/Versions/A/CoreUI
0x00007fff5a532000 	/System/Library/PrivateFrameworks/PerformanceAnalysis.framework/Versions/A/PerformanceAnalysis
0x00007fff62075000 	/System/Library/PrivateFrameworks/TextureIO.framework/Versions/A/TextureIO
0x00007fff56531000 	/System/Library/PrivateFrameworks/InternationalSupport.framework/Versions/A/InternationalSupport
0x00007fff46334000 	/System/Library/PrivateFrameworks/Backup.framework/Versions/A/Backup
0x00007fff4b12a000 	/System/Library/PrivateFrameworks/CrashReporterSupport.framework/Versions/A/CrashReporterSupport
0x00007fff5efbf000 	/System/Library/PrivateFrameworks/Sharing.framework/Versions/A/Sharing
0x00007fff44876000 	/System/Library/PrivateFrameworks/Apple80211.framework/Versions/A/Apple80211
0x00007fff46051000 	/System/Library/PrivateFrameworks/AuthKit.framework/Versions/A/AuthKit
0x00007fff4ae37000 	/System/Library/PrivateFrameworks/CoreUtils.framework/Versions/A/CoreUtils
0x00007fff335b6000 	/System/Library/Frameworks/CoreWLAN.framework/Versions/A/CoreWLAN
0x00007fff341db000 	/System/Library/Frameworks/IOBluetooth.framework/Versions/A/IOBluetooth
0x00007fff580f7000 	/System/Library/PrivateFrameworks/MobileKeyBag.framework/Versions/A/MobileKeyBag
0x00007fff49c26000 	/System/Library/PrivateFrameworks/CorePhoneNumbers.framework/Versions/A/CorePhoneNumbers
0x00007fff44c66000 	/System/Library/PrivateFrameworks/AppleIDAuthSupport.framework/Versions/A/AppleIDAuthSupport
0x00007fff37d43000 	/System/Library/Frameworks/Network.framework/Versions/A/Network
0x00007fff567c5000 	/System/Library/PrivateFrameworks/KeychainCircle.framework/Versions/A/KeychainCircle
0x00007fff30fcf000 	/System/Library/Frameworks/CoreBluetooth.framework/Versions/A/CoreBluetooth
0x00007fff6103e000 	/System/Library/PrivateFrameworks/SpeechRecognitionCore.framework/Versions/A/SpeechRecognitionCore
0x00007fff24546000 	/System/Library/CoreServices/Encodings/libCyrillicConverter.dylib
0x000000010ce00000 	/Users/mac/Library/Java/JavaVirtualMachines/openjdk-25-patched/Contents/Home/lib/server/libjvm.dylib
0x000000010c40b000 	/Users/mac/Library/Java/JavaVirtualMachines/openjdk-25-patched/Contents/Home/lib/libjimage.dylib
0x000000010c41b000 	/Users/mac/Library/Java/JavaVirtualMachines/openjdk-25-patched/Contents/Home/lib/libinstrument.dylib
0x000000010c42d000 	/Users/mac/Library/Java/JavaVirtualMachines/openjdk-25-patched/Contents/Home/lib/libjava.dylib
0x000000010c49f000 	/Users/mac/Library/Java/JavaVirtualMachines/openjdk-25-patched/Contents/Home/lib/libzip.dylib
0x000000010ea72000 	/Users/mac/Library/Java/JavaVirtualMachines/openjdk-25-patched/Contents/Home/lib/libverify.dylib
0x000000010ea86000 	/Users/mac/Library/Java/JavaVirtualMachines/openjdk-25-patched/Contents/Home/lib/libnio.dylib
0x000000010ea9d000 	/Users/mac/Library/Java/JavaVirtualMachines/openjdk-25-patched/Contents/Home/lib/libnet.dylib
0x000000010eaaf000 	/Users/mac/Library/Java/JavaVirtualMachines/openjdk-25-patched/Contents/Home/lib/libextnet.dylib
0x000000010eaba000 	/Users/mac/Library/Java/JavaVirtualMachines/openjdk-25-patched/Contents/Home/lib/libprefs.dylib
0x000000010eac7000 	/private/var/folders/57/xgqcb4yj1_958k83lyr82lrw0000gn/T/audiosnd_12301821893757505726audio-snd.dylib
0x000000010eb44000 	/System/Library/Extensions/AppleHDA.kext/Contents/PlugIns/AppleHDAHALPlugIn.bundle/Contents/MacOS/AppleHDAHALPlugIn
0x000000010eb51000 	/private/var/folders/57/xgqcb4yj1_958k83lyr82lrw0000gn/T/audiosnd_9912320602426353452audio-snd.dylib

JVMTI agents:
/Users/mac/Library/Caches/JetBrains/IntelliJIdea2025.3/captureAgent/debugger-agent.jar path:none, loaded, initialized, instrumentlib options:file:///var/folders/57/xgqcb4yj1_958k83lyr82lrw0000gn/T/capture4981652438519831971.props
/Applications/IntelliJ IDEA.app/Contents/lib/idea_rt.jar path:none, loaded, initialized, instrumentlib options:50160


VM Arguments:
jvm_args: -javaagent:/Users/mac/Library/Caches/JetBrains/IntelliJIdea2025.3/captureAgent/debugger-agent.jar=file:///var/folders/57/xgqcb4yj1_958k83lyr82lrw0000gn/T/capture4981652438519831971.props -ea --enable-native-access=ALL-UNNAMED -Didea.test.cyclic.buffer.size=1048576 -javaagent:/Applications/IntelliJ IDEA.app/Contents/lib/idea_rt.jar=50160 -Dkotlinx.coroutines.debug.enable.creation.stack.trace=false -Ddebugger.agent.enable.coroutines=true -Dkotlinx.coroutines.debug.enable.flows.stack.trace=true -Dkotlinx.coroutines.debug.enable.mutable.state.flows.stack.trace=true -Ddebugger.async.stack.trace.for.all.threads=true -Dfile.encoding=UTF-8 -Dsun.stdout.encoding=UTF-8 -Dsun.stderr.encoding=UTF-8 
java_command: com.intellij.rt.junit.JUnitStarter -ideVersion5 -junit6 @w@/private/var/folders/57/xgqcb4yj1_958k83lyr82lrw0000gn/T/idea_working_dirs_junit.tmp @/private/var/folders/57/xgqcb4yj1_958k83lyr82lrw0000gn/T/idea_junit.tmp -socket50159
java_class_path (initial): /Users/mac/.m2/repository/org/junit/platform/junit-platform-launcher/6.0.2/junit-platform-launcher-6.0.2.jar:/Applications/IntelliJ IDEA.app/Contents/lib/idea_rt.jar:/Applications/IntelliJ IDEA.app/Contents/plugins/junit/lib/junit6-rt.jar:/Applications/IntelliJ IDEA.app/Contents/plugins/junit/lib/junit5-rt.jar:/Applications/IntelliJ IDEA.app/Contents/plugins/junit/lib/junit-rt.jar:/Users/mac/IdeaProjects/AudioSND/examples/target/test-classes:/Users/mac/IdeaProjects/AudioSND/examples/target/classes:/Users/mac/IdeaProjects/AudioSND/core/target/classes:/Users/mac/IdeaProjects/AudioSND/implementation/target/classes:/Users/mac/IdeaProjects/AudioSND/loaders/target/classes:/Users/mac/IdeaProjects/AudioSND/generator/target/classes:/Users/mac/IdeaProjects/AudioSND/effects/target/classes:/Users/mac/IdeaProjects/AudioSND/profiler/target/classes:/Users/mac/.m2/repository/org/slf4j/slf4j-api/2.0.17/slf4j-api-2.0.17.jar:/Users/mac/.m2/repository/ch/qos/logback/logback-classic/1.5.26/logback-classic-1.5.26.jar:/Users/mac/.m2/repository/ch/qos/logback/logback-core/1.5.26/logback-core-1.5.26.jar:/Users/mac/.m2/repository/org/junit/jupiter/junit-jupiter-api/6.0.2/junit-jupiter-api-6.0.2.jar:/Users/mac/.m2/repository/org/opentest4j/opentest4j/1.3.0/opentest4j-1.3.0.jar:/Users/mac/.m2/repository/org/junit/platform/junit-platform-commons/6.0.2/junit-platform-commons-6.0.2.jar:/Users/mac/.m2/repository/org/apiguardian/apiguardian-api/1.1.2/apiguardian-api-1.1.2.jar:/Users/mac/.m2/repository/org/jspecify/jspecify/1.0.0/jspecify-1.0.0.jar:/Users/mac/.m2/repository/org/junit/jupiter/junit-jupiter-engine/6.0.2/junit-jupiter-engine-6.0.2.jar:/Users/mac/.m2/repository/org/junit/platform/junit-platform-engine/6.0.2/junit-platform-engine-6.0.2.jar:/Users/mac/.m2/repository/org/jetbrains/annotations/17.0.0/annotations-17.0.0.jar
Launcher Type: SUN_STANDARD

[Global flags]
     intx CICompilerCount                          = 3                                         {product} {ergonomic}
     uint ConcGCThreads                            = 1                                         {product} {ergonomic}
     uint G1ConcRefinementThreads                  = 4                                         {product} {ergonomic}
   size_t G1HeapRegionSize                         = 1048576                                   {product} {ergonomic}
   size_t InitialHeapSize                          = 134217728                                 {product} {ergonomic}
   size_t MarkStackSize                            = 4194304                                   {product} {ergonomic}
   size_t MarkStackSizeMax                         = 536870912                                 {product} {ergonomic}
   size_t MaxHeapSize                              = 2147483648                                {product} {ergonomic}
   size_t MaxNewSize                               = 1287651328                                {product} {ergonomic}
   size_t MinHeapDeltaBytes                        = 1048576                                   {product} {ergonomic}
   size_t MinHeapSize                              = 8388608                                   {product} {ergonomic}
    uintx NonNMethodCodeHeapSize                   = 5832704                                {pd product} {ergonomic}
    uintx NonProfiledCodeHeapSize                  = 122916864                              {pd product} {ergonomic}
    uintx ProfiledCodeHeapSize                     = 122908672                              {pd product} {ergonomic}
    uintx ReservedCodeCacheSize                    = 251658240                              {pd product} {ergonomic}
     bool SegmentedCodeCache                       = true                                      {product} {ergonomic}
   size_t SoftMaxHeapSize                          = 2147483648                             {manageable} {ergonomic}
     bool UseCompressedOops                        = true                           {product lp64_product} {ergonomic}
     bool UseG1GC                                  = true                                      {product} {ergonomic}
     bool UseNUMA                                  = false                                     {product} {ergonomic}
     bool UseNUMAInterleaving                      = false                                     {product} {ergonomic}

Logging:
Log output configuration:
 #0: stdout all=warning uptime,level,tags foldmultilines=false
 #1: stderr all=off uptime,level,tags foldmultilines=false

Release file:
IMPLEMENTOR="Oracle Corporation"
JAVA_RUNTIME_VERSION="25.0.2+10-69"
JAVA_VERSION="25.0.2"
JAVA_VERSION_DATE="2026-01-20"
LIBC="default"
MODULES="java.base java.compiler java.datatransfer java.xml java.prefs java.desktop java.instrument java.logging java.management java.security.sasl java.naming java.rmi java.management.rmi java.net.http java.scripting java.security.jgss java.transaction.xa java.sql java.sql.rowset java.xml.crypto java.se java.smartcardio jdk.accessibility jdk.internal.jvmstat jdk.attach jdk.charsets jdk.internal.opt jdk.zipfs jdk.compiler jdk.crypto.cryptoki jdk.crypto.ec jdk.dynalink jdk.internal.ed jdk.editpad jdk.internal.vm.ci jdk.graal.compiler jdk.graal.compiler.management jdk.hotspot.agent jdk.httpserver jdk.incubator.vector jdk.internal.le jdk.internal.md jdk.jartool jdk.javadoc jdk.jcmd jdk.management jdk.management.agent jdk.jconsole jdk.jdeps jdk.jdwp.agent jdk.jdi jdk.jfr jdk.jlink jdk.jpackage jdk.jshell jdk.jsobject jdk.jstatd jdk.localedata jdk.management.jfr jdk.naming.dns jdk.naming.rmi jdk.net jdk.nio.mapmode jdk.sctp jdk.security.auth jdk.security.jgss jdk.unsupported jdk.unsupported.desktop jdk.xml.dom"
OS_ARCH="x86_64"
OS_NAME="Darwin"
SOURCE=".:git:405a5699ebd0"

Environment Variables:
JAVA_HOME=/Users/mac/Library/Java/JavaVirtualMachines/openjdk-25.0.2/Contents/Home
PATH=/Users/mac/Library/Java/JavaVirtualMachines/openjdk-25.0.2/Contents/Home/bin:/Applications/CMake.app/Contents/bin:/Applications/Postgres.app/Contents/Versions/latest/bin:/usr/local/opt/postgresql@14/bin:/Users/mac/maven/bin/bin:/Users/mac/maven/bin:/Users/mac/maven/bin:/Library/Java/JavaVirtualMachines/graalvm-jdk-21.0.9+7.1/Contents/Home/bin:/usr/local/bin:/usr/bin:/bin:/usr/sbin:/sbin:/opt/X11/bin
SHELL=/bin/zsh
DISPLAY=/private/tmp/com.apple.launchd.LjG1ZVScNB/org.xquartz:0
LC_CTYPE=ru_RU.UTF-8
TMPDIR=/var/folders/57/xgqcb4yj1_958k83lyr82lrw0000gn/T/

Active Locale:
LC_ALL=C/ru_RU.UTF-8/C/C/C/C
LC_COLLATE=C
LC_CTYPE=ru_RU.UTF-8
LC_MESSAGES=C
LC_MONETARY=C
LC_NUMERIC=C
LC_TIME=C

Signal Handlers:
   SIGSEGV: crash_handler in libjvm.dylib, mask=11100110000111110111111111111111, flags=SA_ONSTACK|SA_RESTART|SA_SIGINFO, unblocked
    SIGBUS: crash_handler in libjvm.dylib, mask=11100110000111110111111111111111, flags=SA_RESTART|SA_SIGINFO, unblocked
    SIGFPE: crash_handler in libjvm.dylib, mask=11100110000111110111111111111111, flags=SA_RESTART|SA_SIGINFO, unblocked
   SIGPIPE: javaSignalHandler in libjvm.dylib, mask=11100110000111110111111111111111, flags=SA_RESTART|SA_SIGINFO, blocked
   SIGXFSZ: javaSignalHandler in libjvm.dylib, mask=11100110000111110111111111111111, flags=SA_RESTART|SA_SIGINFO, blocked
    SIGILL: crash_handler in libjvm.dylib, mask=11100110000111110111111111111111, flags=SA_RESTART|SA_SIGINFO, unblocked
   SIGUSR2: SR_handler in libjvm.dylib, mask=00000000000000000000000000000000, flags=SA_RESTART|SA_SIGINFO, blocked
    SIGHUP: UserHandler in libjvm.dylib, mask=11100110000111110111111111111111, flags=SA_RESTART|SA_SIGINFO, blocked
    SIGINT: UserHandler in libjvm.dylib, mask=11100110000111110111111111111111, flags=SA_RESTART|SA_SIGINFO, blocked
   SIGTERM: UserHandler in libjvm.dylib, mask=11100110000111110111111111111111, flags=SA_RESTART|SA_SIGINFO, blocked
   SIGQUIT: UserHandler in libjvm.dylib, mask=11100110000111110111111111111111, flags=SA_RESTART|SA_SIGINFO, blocked
   SIGTRAP: crash_handler in libjvm.dylib, mask=11100110000111110111111111111111, flags=SA_RESTART|SA_SIGINFO, unblocked


Compilation memory statistics disabled.

Periodic native trim disabled

---------------  S Y S T E M  ---------------

OS:
uname: Darwin 19.6.0 Darwin Kernel Version 19.6.0: Tue Jun 21 21:18:39 PDT 2022; root:xnu-6153.141.66~1/RELEASE_X86_64 x86_64
OS uptime: 3 days 21:14 hours
rlimit (soft/hard): STACK 8192k/65532k , CORE 0k/infinity , NPROC 1392/2088 , NOFILE 10240/infinity , AS infinity/infinity , CPU infinity/infinity , DATA infinity/infinity , FSIZE infinity/infinity , MEMLOCK infinity/infinity , RSS infinity/infinity
load average: 3.51 3.43 3.14

CPU: total 4 (initial active 4) (2 cores per cpu, 2 threads per core) family 6 model 58 stepping 9 microcode 0x21, cx8, cmov, fxsr, ht, mmx, sse, sse2, sse3, ssse3, sse4.1, sse4.2, popcnt, tsc, tscinvbit, avx, aes, erms, clmul, vzeroupper, clflush, rdtscp, f16c
machdep.cpu.brand_string:Intel(R) Core(TM) i7-3667U CPU @ 2.00GHz
hw.cpufrequency:2000000000
hw.cpufrequency_min:2000000000
hw.cpufrequency_max:2000000000
hw.cachelinesize:64
hw.l1icachesize:32768
hw.l1dcachesize:32768
hw.l2cachesize:262144
hw.l3cachesize:4194304

Memory: 4k page, physical 8388608k(54708k free), swap 2097152k(900352k free)

vm_info: OpenJDK 64-Bit Server VM (25.0.2+10-69) for bsd-amd64 JRE (25.0.2+10-69), built on 2025-12-18T11:36:35Z with clang Apple LLVM 15.0.0 (clang-1500.3.9.4)

END.
